index,date,cash,spy
15,onw,10000,150.25
16,onw,10000,150.2
17,onw,9935.98,148.26
18,onw,9953.09,150.38
19,onw,9976.960000000001,150.9
20,onw,9993.900000000001,150.87
21,onw,10036.250000000002,152.18
22,onw,10030.86,152.34
23,onw,9968.490000000002,152.38
24,onw,10031.630000000001,153.16
25,onw,10085.53,152.29
26,onw,10094.77,150.75
27,onw,10100.160000000002,152.37
28,onw,10114.79,154.57
29,onw,10123.26,154.99
30,onw,10082.45,154.93
31,onw,10117.1,154.23
32,onw,10162.53,155.2
33,onw,10195.64,155.07
34,onw,10247.23,153.5
35,onw,10241.07,153.12
36,onw,10200.26,152.02
37,onw,10254.28,150.19
38,onw,10341.6,148.02
39,onw,10334.94,145.93
40,onw,10275,147.38
41,onw,10325.32,145.72
42,onw,10291.28,146.43
43,onw,10299.42,147.28
44,onw,10239.48,144.21
45,onw,10281.66,145.94
46,onw,10234.3,148.41
47,onw,10282.58,149.83
48,onw,10131.619999999999,145.39
49,onw,10165.249999999998,146.5
50,onw,10159.349999999999,145.7
51,onw,10122.179999999998,142.72
52,onw,10109.199999999999,141.04
53,onw,10136.929999999998,142.1
54,onw,10103.89,145.17
55,onw,10085.869999999999,144.64
56,onw,10132.449999999999,146.01
57,onw,10177.67,147.34
58,onw,10148.43,146.48
59,onw,10211.330000000002,148.33
60,onw,10137.550000000001,146.16
61,onw,10076.69,144.37
62,onw,10113.41,145.45
63,onw,10188.210000000001,147.65
64,onw,10181.41,147.45
65,onw,10206.91,148.2
66,onw,10198.75,147.96
67,onw,10148.43,146.48
68,onw,10134.49,146.07
69,onw,10140.27,146.24
70,onw,10182.77,147.49
71,onw,10219.83,148.58
72,onw,10198.75,147.96
73,onw,10210.65,148.31
74,onw,10228.33,148.83
75,onw,10384.05,153.41
76,onw,10381.67,153.34
77,onw,10359.57,152.69
78,onw,10350.9,152.435
79,onw,10296.33,150.83
80,onw,10344.609999999999,152.25
81,onw,10366.71,152.9
82,onw,10364.669999999998,152.84
83,onw,10358.549999999997,152.66
84,onw,10425.189999999997,154.62
85,onw,10397.309999999998,153.8
86,onw,10407.849999999999,154.11
87,onw,10439.129999999997,155.03
88,onw,10451.369999999997,155.39
89,onw,10457.489999999998,155.57
90,onw,10473.809999999998,156.05
91,onw,10503.729999999998,156.93
92,onw,10453.749999999998,155.46
93,onw,10381.669999999998,156.27
94,onw,10389.339999999998,154.41
95,onw,10358.979999999998,155.01
96,onw,10435.089999999997,153.45
97,onw,10466.359999999997,153.1
98,onw,10521.819999999996,148.85
99,onw,10451.439999999997,151.31
100,onw,10470.069999999996,151.2
101,onw,10486.389999999996,151.68
102,onw,10533.309999999996,153.06
103,onw,10562.889999999996,153.93
104,onw,10546.569999999996,153.45
105,onw,10564.929999999997,153.99
106,onw,10544.529999999995,153.39
107,onw,10481.289999999995,151.53
108,onw,10415.289999999995,149.63
109,onw,10303.089999999995,150.86
110,onw,10291.869999999994,150.53
111,onw,10205.509999999993,147.99
112,onw,10240.229999999992,145.57
113,onw,10422.509999999993,145.18
114,onw,10411.969999999992,145.26
115,onw,10353.069999999992,149.2
116,onw,10270.789999999994,146.78
117,onw,10248.349999999995,146.27
118,onw,10302.469999999994,145.26
119,onw,10265.509999999993,143.67
120,onw,10202.149999999994,143.07
121,onw,10137.469999999994,143.03
122,onw,10044.409999999994,144.37
123,onw,9952.359999999995,141.74
124,onw,10001.339999999995,144.19
125,onw,10083.959999999995,146.62
126,onw,10166.579999999996,149.05
127,onw,10137.679999999995,148.2
128,onw,10085.319999999994,146.66
129,onw,10127.819999999994,147.91
130,onw,10152.299999999994,148.63
131,onw,10247.159999999994,151.42
132,onw,10242.399999999994,151.28
133,onw,10274.019999999995,152.21
134,onw,10251.239999999994,151.54
135,onw,10141.759999999995,148.32
136,onw,10215.539999999995,148.05
137,onw,10232.279999999995,146.61
138,onw,10144.239999999994,146.1
139,onw,10166.559999999994,145.94
140,onw,10184.539999999994,146.84
141,onw,10202.559999999994,147.37
142,onw,10249.479999999994,148.75
143,onw,10246.079999999994,148.65
144,onw,10257.979999999994,149
145,onw,10241.999999999995,148.53
146,onw,10193.379999999994,147.1
147,onw,10173.999999999995,146.53
148,onw,10118.919999999995,144.91
149,onw,10065.539999999995,143.34
150,onw,10013.519999999995,141.81
151,onw,9952.159999999994,142.08
152,onw,9936.819999999994,139.01
153,onw,9943.899999999994,139.7
154,onw,9849.735999999994,140.77
155,onw,9767.489999999994,141.15
156,onw,9727.239999999994,140
157,onw,9635.189999999995,137.37
158,onw,9673.139999999996,137.58
159,onw,9690.464999999997,134.08
160,onw,9746.839999999997,126.4
161,onw,9690.739999999996,127.28
162,onw,9549.939999999997,134.26
163,onw,9627.989999999998,136.49
164,onw,9514.939999999997,133.26
165,onw,9614.339999999997,136.1
166,onw,9596.139999999998,135.58
167,onw,9519.839999999997,133.4
168,onw,9678.389999999996,137.93
169,onw,9723.189999999995,139.21
170,onw,9605.939999999995,135.86
171,onw,9561.139999999996,134.58
172,onw,9563.259999999997,132.11
173,onw,9506.019999999997,133.29
174,onw,9452.489999999996,133.11
175,onw,9463.169499999996,134.91
176,onw,9566.434699999996,136.06
177,onw,9539.409999999996,136.96
178,onw,9492.239999999996,134.52
179,onw,9440.829999999996,136.69
180,onw,9349.369999999997,134
181,onw,9219.319999999996,136.67
182,onw,9161.519999999997,134.97
183,onw,9180.899999999996,135.54
184,onw,9221.359999999995,136.73
185,onw,9249.579999999996,137.56
186,onw,9238.699999999997,137.24
187,onw,9182.599999999997,135.59
188,onw,9099.299999999996,133.14
189,onw,9069.039999999995,132.25
190,onw,9105.419999999995,133.32
191,onw,9064.059999999994,132.98
192,onw,9083.799999999994,129.73
193,onw,9157.119999999994,129.81
194,onw,9085.679999999993,130.72
195,onw,9082.859999999993,132.73
196,onw,8976.779999999993,129.61
197,onw,9084.219999999994,132.77
198,onw,8865.939999999993,126.35
199,onw,8864.589999999993,130.61
200,onw,8981.079999999993,134.14
201,onw,8845.779999999993,130.04
202,onw,8953.689999999993,133.31
203,onw,9004.509999999993,134.85
204,onw,8991.309999999992,134.45
205,onw,8983.719999999992,134.22
206,onw,8943.129999999992,132.99
207,onw,8887.029999999992,131.29
208,onw,9107.929999999991,133.61
209,onw,9135.189999999991,137.06
210,onw,9099.669999999991,135.95
211,onw,9131.98999999999,136.96
212,onw,9161.10999999999,137.87
213,onw,9107.98999999999,136.21
214,onw,9120.78999999999,136.61
215,onw,9081.749999999989,135.39
216,onw,9052.62999999999,134.48
217,onw,9011.349999999991,133.19
218,onw,8990.849999999991,133.5715
219,onw,8917.849999999991,134.54
220,onw,8967.019999999991,136.03
221,onw,9063.37999999999,138.95
222,onw,9039.61999999999,138.23
223,onw,9038.29999999999,138.19
224,onw,9034.669999999991,138.08
225,onw,9034.669999999991,138.08
226,onw,9031.169999999991,139.4
227,onw,9046.849999999991,139.89
228,onw,9030.849999999991,139.39
229,onw,9028.609999999991,139.32
230,onw,9000.129999999992,138.43
231,onw,9120.769999999991,142.2
232,onw,9084.289999999992,141.06
233,onw,9051.009999999991,140.02
234,onw,9110.529999999992,141.88
235,onw,9042.369999999992,139.75
236,onw,9006.209999999992,138.62
237,onw,9025.729999999992,139.23
238,onw,9076.929999999993,140.83
239,onw,9084.609999999993,141.07
240,onw,9083.649999999994,141.04
241,onw,9139.969999999994,142.8
242,onw,9138.689999999993,142.76
243,onw,9123.969999999994,142.3
244,onw,9108.929999999993,141.83
245,onw,9032.129999999994,139.43
246,onw,9027.229999999994,139.1
247,onw,9100.239999999994,137.87
248,onw,9167.369999999995,139.2
249,onw,9241.849999999995,139.17
250,onw,9217.349999999995,140.49
251,onw,9217.839999999995,139.84
252,onw,9259.979999999994,139.32
253,onw,9234.989999999994,137.77
254,onw,9288.399999999994,138.53
255,onw,9181.089999999995,139.51
256,onw,9169.329999999994,136.92
257,onw,9277.959999999995,135.6
258,onw,9276.429999999995,135.91
259,onw,9335.079999999994,134.69
260,onw,9327.939999999995,135.09
261,onw,9184.629999999996,135.5
262,onw,9238.689999999995,137.05
263,onw,9236.139999999996,134.63
264,onw,9164.379999999996,134.34
265,onw,9169.579999999994,131.6801
266,onw,9258.499999999995,132.03
267,onw,9254.859999999993,131.17
268,onw,9265.779999999993,131.73
269,onw,9134.219999999994,130.43
270,onw,9056.739999999994,128.41
271,onw,9023.979999999994,127.93
272,onw,8983.939999999995,126.61
273,onw,8992.259999999995,128.94
274,onw,8928.209999999995,127.11
275,onw,9005.009999999997,126.79
276,onw,9005.969999999996,124.99
277,onw,8990.129999999996,127.5
278,onw,8882.679999999997,124.43
279,onw,8756.439999999997,123.97
280,onw,8756.439999999997,123.97
281,onw,8686.519999999997,121.8
282,onw,8699.399999999996,121.45
283,onw,8771.619999999995,125.14
284,onw,8806.639999999996,126.17
285,onw,8818.199999999995,126.51
286,onw,8771.959999999995,125.15
287,onw,8865.119999999995,127.89
288,onw,8880.419999999995,128.34
289,onw,8784.199999999995,125.51
290,onw,8766.919999999995,125.51
291,onw,8714.899999999994,123.98
292,onw,8828.659999999994,127.11
293,onw,8876.939999999995,128.53
294,onw,8819.139999999996,126.83
295,onw,8792.279999999995,126.04
296,onw,8791.599999999995,126.02
297,onw,8851.599999999995,128.02
298,onw,8849.559999999994,127.96
299,onw,8802.639999999994,126.58
300,onw,8900.899999999994,129.47
301,onw,8928.443399999995,130.2801
302,onw,8877.779999999993,128.79
303,onw,8845.479999999994,127.84
304,onw,8916.539999999994,129.93
305,onw,8933.539999999994,130.43
306,onw,8831.199999999993,127.42
307,onw,8830.179999999993,127.39
308,onw,8808.419999999993,126.75
309,onw,8873.699999999992,128.67
310,onw,8878.119999999992,128.8
311,onw,8817.599999999991,127.02
312,onw,8835.619999999992,127.55
313,onw,8894.439999999991,129.28
314,onw,8909.73999999999,129.73
315,onw,8919.939999999991,130.03
316,onw,8846.839999999991,127.88
317,onw,8815.89999999999,126.97
318,onw,8690.779999999992,123.29
319,onw,8742.299999999992,128.04
320,onw,8595.959999999992,127.1
321,onw,8568.419999999991,123.89
322,onw,8531.96999999999,122.12
323,onw,8558.06999999999,124.29
324,onw,8554.919999999991,121.63
325,onw,8355.56999999999,117.2
326,onw,8436.11999999999,119.64
327,onw,8479.76999999999,116.61
328,onw,8663.819999999989,126.7
329,onw,8589.586499999989,124.4505
330,onw,8470.769999999988,120.85
331,onw,8479.889999999989,119.35
332,onw,8554.76999999999,119.4
333,onw,8559.08999999999,118.83
334,onw,8557.649999999989,119.18
335,onw,8359.199999999988,113.51
336,onw,8403.199999999988,115.27
337,onw,8379.879999999988,114.95
338,onw,8344.239999999989,111.85
339,onw,8284.399999999989,107.15
340,onw,8302.879999999988,104.72
341,onw,8243.039999999988,100.03
342,onw,8344.679999999988,99.66
343,onw,8378.119999999988,86.76
344,onw,8444.119999999988,93.87
345,onw,8481.959999999988,104.7
346,onw,8487.679999999988,97.46
347,onw,8449.399999999989,91.29
348,onw,8462.59999999999,91.99
349,onw,8517.59999999999,95.35
350,onw,8444.999999999989,96.97
351,onw,8399.67999999999,93.2
352,onw,8319.159999999989,90.29
353,onw,8280.87999999999,84.06
354,onw,8327.07999999999,85.97
355,onw,8397.03999999999,87.34
356,onw,8415.07999999999,93.77
357,onw,8503.519999999991,95.78
358,onw,8472.719999999992,95.08
359,onw,8549.719999999992,96.83
360,onw,8647.839999999993,99.06
361,onw,8653.999999999993,99.2
362,onw,8445.439999999991,94.46
363,onw,8321.799999999992,91.65
364,onw,8353.479999999992,95.21
365,onw,8162.129999999993,90.76
366,onw,8146.219999999993,88.23
367,onw,8175.029999999993,86.13
368,onw,8166.429999999993,89.41
369,onw,8141.919999999993,86.38
370,onw,8111.819999999993,85.15
371,onw,8064.949999999993,85.91
372,onw,7877.899999999993,80.13
373,onw,7816.409999999993,75.45
374,onw,7863.709999999993,81.92
375,onw,8127.329999999993,87.3
376,onw,7980.329999999993,84.3
377,onw,8192.499999999993,88.63
378,onw,8137.6199999999935,87.51
379,onw,7939.6599999999935,83.47
380,onw,7936.229999999994,83.4
381,onw,8066.569999999994,86.06
382,onw,7948.479999999994,83.65
383,onw,8276.289999999994,90.34
384,onw,8277.759999999993,90.37
385,onw,8275.309999999992,90.32
386,onw,8237.089999999993,89.54
387,onw,8041.579999999993,85.55
388,onw,8211.609999999993,89.02
389,onw,8176.329999999994,88.3
390,onw,8300.789999999994,90.84
391,onw,8328.229999999994,91.4
392,onw,8273.349999999993,90.28
393,onw,8190.049999999993,88.58
394,onw,8138.599999999993,87.53
395,onw,8085.679999999993,86.45
396,onw,8124.389999999993,87.24
397,onw,8124.389999999993,87.24
398,onw,8137.6199999999935,87.51
399,onw,8214.549999999994,89.08
400,onw,8281.189999999993,90.44
401,onw,8388.499999999993,92.63
402,onw,8437.989999999993,93.64
403,onw,8426.089999999993,92
404,onw,8402.289999999992,90.16
405,onw,8443.589999999993,91.16
406,onw,8439.739999999993,88.84
407,onw,8372.189999999991,86.73
408,onw,8331.939999999991,85.54
409,onw,8277.689999999991,84.11
410,onw,8374.98999999999,85.87
411,onw,8415.41499999999,84.24
412,onw,8427.13999999999,80.57
413,onw,8473.689999999991,82.42
414,onw,8567.48999999999,80.89
415,onw,8585.689999999991,83.59
416,onw,8571.689999999991,84.12
417,onw,8518.839999999991,86.4
418,onw,8504.919999999991,86.11
419,onw,8541.71999999999,85
420,onw,8566.51999999999,81.58
421,onw,8555.319999999989,83.1
422,onw,8617.319999999989,84.31
423,onw,8597.719999999988,82.68
424,onw,8637.319999999989,84.86
425,onw,8661.319999999989,86.96
426,onw,8628.67999999999,86.28
427,onw,8492.83999999999,83.45
428,onw,8431.399999999989,82.17
429,onw,8497.639999999989,83.55
430,onw,8334.43999999999,80.15
431,onw,8334.889999999989,79.8
432,onw,8304.289999999988,79.87
433,onw,8210.239999999989,76.72
434,onw,8273.68999999999,78.24
435,onw,8228.68999999999,75.31
436,onw,8358.28999999999,77.14
437,onw,8448.28999999999,77.79
438,onw,8376.28999999999,74.04
439,onw,8416.33999999999,72.49
440,onw,8531.989999999989,71.605
441,onw,8558.989999999989,71.23
442,onw,8574.289999999988,70.07
443,onw,8488.789999999988,69.42
444,onw,8467.189999999988,67.95
445,onw,8590.939999999988,69.48
446,onw,8638.639999999989,73
447,onw,8553.58999999999,72.63
448,onw,8746.249999999989,76.01
449,onw,8799.829999999989,76.95
450,onw,8748.529999999988,76.05
451,onw,8848.849999999988,77.81
452,onw,9027.259999999987,80.94
453,onw,8902.999999999987,78.76
454,onw,8901.859999999986,78.74
455,onw,9044.359999999986,81.24
456,onw,9043.789999999986,81.23
457,onw,9101.929999999986,82.25
458,onw,9090.529999999986,82.05
459,onw,8962.279999999986,79.8
460,onw,8948.599999999986,79.56
461,onw,8889.889999999985,78.53
462,onw,9149.239999999985,83.08
463,onw,9172.609999999984,83.49
464,onw,9164.059999999985,83.34
465,onw,9101.929999999984,82.25
466,onw,9080.199999999984,82.06
467,onw,9223.749999999984,84.67
468,onw,9237.499999999984,84.92
469,onw,9243.549999999983,85.03
470,onw,9178.099999999982,83.84
471,onw,9293.049999999983,85.93
472,onw,9342.549999999983,86.83
473,onw,9271.599999999984,85.54
474,onw,9121.999999999984,82.82
475,onw,9202.849999999984,84.29
476,onw,9225.949999999983,84.71
477,onw,9298.549999999983,86.03
478,onw,9279.299999999983,85.68
479,onw,9240.249999999982,84.97
480,onw,9325.499999999982,86.52
481,onw,9437.149999999981,88.55
482,onw,9376.099999999982,87.44
483,onw,9334.499999999982,88.55
484,onw,9439.53999999998,90.57
485,onw,9497.259999999982,91.68
486,onw,9566.419999999982,93.01
487,onw,9515.459999999981,92.03
488,onw,9498.299999999981,91.7
489,onw,9494.65999999998,91.63
490,onw,9396.37999999998,89.74
491,onw,9343.33999999998,88.72
492,onw,9377.139999999981,89.37
493,onw,9386.49999999998,89.55
494,onw,9471.25999999998,91.18
495,onw,9511.29999999998,91.95
496,onw,9381.819999999978,89.46
497,onw,9381.819999999978,89.46
498,onw,9445.519999999979,88.36
499,onw,9407.29999999998,91.44
500,onw,9357.31999999998,90.46
501,onw,9280.87999999998,91.42
502,onw,9395.62999999998,93.67
503,onw,9432.859999999979,94.4
504,onw,9414.499999999978,94.04
505,onw,9412.459999999977,94
506,onw,9488.449999999977,95.49
507,onw,9404.299999999977,93.84
508,onw,9354.809999999978,94.69
509,onw,9393.519999999979,95.48
510,onw,9349.419999999978,94.58
511,onw,9385.419999999978,94.4
512,onw,9363.859999999977,93.96
513,onw,9328.089999999978,93.23
514,onw,9248.219999999978,91.6
515,onw,9216.089999999978,91.69
516,onw,9238.019999999979,92.58
517,onw,9309.419999999978,91.14
518,onw,9296.669999999978,89.47
519,onw,9223.739999999978,90.16
520,onw,9198.749999999978,89.67
521,onw,9164.249999999978,91.77
522,onw,9181.249999999978,92.11
523,onw,9211.749999999978,92.72
524,onw,9192.749999999978,92.34
525,onw,9132.249999999978,91.13
526,onw,9022.749999999978,88.94
527,onw,9002.249999999978,89.71
528,onw,9041.249999999978,88.59
529,onw,9065.249999999978,88.61
530,onw,9081.749999999978,87.7
531,onw,9074.249999999978,88.31
532,onw,9179.819999999978,90.38
533,onw,9252.749999999978,91.81
534,onw,9313.439999999979,93
535,onw,9367.499999999978,94.06
536,onw,9399.119999999979,94.68
537,onw,9459.80999999998,95.87
538,onw,9413.39999999998,94.96
539,onw,9446.54999999998,95.61
540,onw,9538.60499999998,97.415
541,onw,9562.31999999998,97.88
542,onw,9551.09999999998,97.66
543,onw,9539.879999999981,97.44
544,onw,9610.76999999998,98.83
545,onw,9601.58999999998,98.65
546,onw,9662.789999999979,99.85
547,onw,9669.929999999978,99.99
548,onw,9709.70999999998,100.77
549,onw,9714.80999999998,100.87
550,onw,9718.37999999998,100.94
551,onw,9708.179999999978,100.74
552,onw,9697.97999999998,100.54
553,onw,9647.99999999998,99.56
554,onw,9734.69999999998,101.26
555,onw,9747.959999999981,101.52
556,onw,9611.78999999998,98.85
557,onw,9595.469999999981,98.53
558,onw,9584.249999999982,98.31
559,onw,9675.029999999982,100.09
560,onw,9763.259999999982,101.82
561,onw,9843.329999999982,103.39
562,onw,9842.309999999981,103.37
563,onw,9815.27999999998,102.84
564,onw,9829.049999999981,103.11
565,onw,9886.169999999982,104.23
566,onw,9791.309999999981,102.37
567,onw,9769.889999999981,101.95
568,onw,9659.219999999981,99.78
569,onw,9573.679999999982,100.4
570,onw,9595.27999999998,100.85
571,onw,9698.479999999981,103
572,onw,9704.239999999982,103.12
573,onw,9736.879999999981,103.8
574,onw,9793.999999999982,104.99
575,onw,9740.719999999981,103.88
576,onw,9816.079999999982,105.45
577,onw,9847.27999999998,106.1
578,onw,9898.639999999981,107.17
579,onw,9897.679999999982,107.15
580,onw,9837.199999999983,105.89
581,onw,9894.319999999982,107.08
582,onw,9905.839999999982,107.32
583,onw,9862.159999999982,106.41
584,onw,9783.919999999982,104.78
585,onw,9777.059999999981,104.85
586,onw,9853.419999999982,106.51
587,onw,9846.519999999982,106.36
588,onw,9691.959999999983,103
589,onw,9740.959999999983,102.02
590,onw,9709.599999999982,102.9
591,onw,9569.949999999983,104.77
592,onw,9592.949999999983,105.27
593,onw,9651.829999999982,106.55
594,onw,9655.969999999981,106.64
595,onw,9707.489999999982,107.76
596,onw,9690.469999999981,107.39
597,onw,9751.649999999981,108.72
598,onw,9754.409999999982,108.78
599,onw,9755.329999999982,108.8
600,onw,9767.749999999982,109.07
601,onw,9808.229999999981,109.95
602,onw,9766.36999999998,109.04
603,onw,9727.26999999998,108.19
604,onw,9679.42999999998,109.69
605,onw,9656.98999999998,108.2
606,onw,9726.90999999998,107.03
607,onw,9744.84999999998,106.15
608,onw,9734.72999999998,105.19
609,onw,9706.66999999998,106.3
610,onw,9652.84999999998,104.13
611,onw,9641.809999999981,103.74
612,onw,9486.78999999998,105.51
613,onw,9500.58999999998,105.66
614,onw,9474.36999999998,106.26
615,onw,9469.26999999998,107.95
616,onw,9508.53999999998,109.31
617,onw,9487.11999999998,110.31
618,onw,9467.229999999981,110
619,onw,9497.319999999982,109.31
620,onw,9539.139999999981,110.38
621,onw,9556.479999999981,110.92
622,onw,9579.429999999982,111.26
623,onw,9569.229999999981,110.51
624,onw,9556.989999999982,109.25
625,onw,9533.529999999982,110.72
626,onw,9562.599999999982,111
627,onw,9581.979999999981,111.17
628,onw,9628.389999999981,108.4
629,onw,9618.18999999998,109.48
630,onw,9595.74999999998,110.92
631,onw,9571.77999999998,111.28
632,onw,9527.91999999998,111.55
633,onw,9469.77999999998,111.84
634,onw,9468.75999999998,110.91
635,onw,9416.25999999998,110.04
636,onw,9492.27999999998,109.58
637,onw,9504.459999999981,110.7
638,onw,9506.979999999981,111.11
639,onw,9531.75999999998,111.87
640,onw,9522.09999999998,111.46
641,onw,9497.31999999998,111.8
642,onw,9554.43999999998,110.72
643,onw,9616.17999999998,110.2
644,onw,9567.03999999998,110.76
645,onw,9666.99999999998,111.57
646,onw,9672.87999999998,112
647,onw,9620.37999999998,112.19
648,onw,9589.29999999998,112.9
649,onw,9595.179999999978,113.01
650,onw,9673.29999999998,112.23
651,onw,9617.019999999979,112.77
652,onw,9621.179999999978,112.37
653,onw,9632.099999999979,113.26
654,onw,9638.339999999978,113.52
655,onw,9588.939999999979,113.5
656,onw,9604.019999999979,113.89
657,onw,9576.979999999978,115.08
658,onw,9637.819999999978,113.97
659,onw,9625.859999999979,113.95
660,onw,9613.37999999998,114.49
661,onw,9683.05999999998,114.73
662,onw,9666.939999999979,113.62
663,onw,9698.139999999978,114.28
664,onw,9710.099999999979,113.92
665,onw,9738.179999999978,111.2
666,onw,9715.73999999998,110.21
667,onw,9740.81999999998,109.34
668,onw,9711.77999999998,109.17
669,onw,9727.17999999998,110.19
670,onw,9784.379999999981,109.04
671,onw,9750.93999999998,108.15
672,onw,9640.059999999981,109.26
673,onw,9642.69999999998,109.88
674,onw,9744.33999999998,108.98
675,onw,9877.65999999998,106.56
676,onw,9849.05999999998,106.74
677,onw,9815.179999999978,107.13
678,onw,9817.37999999998,107.05
679,onw,9797.57999999998,106.87
680,onw,9775.57999999998,106.99
681,onw,9627.29999999998,108.86
682,onw,9637.55999999998,110.27
683,onw,9612.71999999998,110.08
684,onw,9600.83999999998,110.62
685,onw,9594.35999999998,111.55
686,onw,9606.23999999998,110.86
687,onw,9671.57999999998,110.14
688,onw,9705.59999999998,109.24
689,onw,9720.71999999998,110.77
690,onw,9713.699999999979,111.2
691,onw,9689.39999999998,112.37
692,onw,9696.41999999998,112.49
693,onw,9693.71999999998,112.45
694,onw,9686.699999999979,113.37
695,onw,9636.47999999998,114.26
696,onw,9640.79999999998,113.93
697,onw,9614.339999999978,114.51
698,onw,9608.939999999979,114.7
699,onw,9629.45999999998,115.95
700,onw,9660.779999999979,115.26
701,onw,9672.119999999979,115.81
702,onw,9712.619999999979,116.76
703,onw,9718.55999999998,117.11
704,onw,9709.91999999998,115.97
705,onw,9714.779999999979,115.31
706,onw,9699.659999999978,116.76
707,onw,9633.239999999978,116.97
708,onw,9594.899999999978,117.63
709,onw,9563.039999999979,116.87
710,onw,9487.79999999998,117.17
711,onw,9474.019999999979,117.46
712,onw,9511.119999999979,116.95
713,onw,9487.269999999979,117.8
714,onw,9445.39999999998,118.25
715,onw,9435.859999999979,118.42
716,onw,9417.30999999998,118.8
717,onw,9493.62999999998,117.95
718,onw,9478.789999999979,119.02
719,onw,9508.46999999998,119.7
720,onw,9546.62999999998,119.62
721,onw,9539.73999999998,120.27
722,onw,9491.509999999978,120.99
723,onw,9520.65999999998,120.86
724,onw,9545.56999999998,119.01
725,onw,9544.509999999978,120.56
726,onw,9566.769999999979,120.95
727,onw,9600.15999999998,119.81
728,onw,9563.589999999978,120.94
729,onw,9579.48999999998,121.85
730,onw,9597.509999999978,120.65
731,onw,9612.349999999979,119.05
732,onw,9598.039999999979,120.1
733,onw,9620.29999999998,120.88
734,onw,9627.71999999998,119.38
735,onw,9701.38999999998,119.01
736,onw,9767.63999999998,116.56
737,onw,9683.99999999998,116.26
738,onw,9601.17999999998,112.64
739,onw,9606.91999999998,115.81
740,onw,9526.55999999998,115.07
741,onw,9451.939999999979,116.29
742,onw,9458.179999999978,117.13
743,onw,9502.899999999978,115.12
744,onw,9534.099999999977,114.2
745,onw,9600.009999999977,114.88
746,onw,9652.009999999977,111.77
747,onw,9734.009999999977,109.38
748,onw,9777.609999999977,105.91
749,onw,9726.009999999977,108.52
750,onw,9693.209999999977,105.11
751,onw,9636.409999999978,108.48
752,onw,9653.209999999977,109.19
753,onw,9640.409999999976,110.64
754,onw,9677.409999999976,108.35
755,onw,9698.609999999977,108.08
756,onw,9706.209999999977,110.65
757,onw,9792.709999999977,108.61
758,onw,9761.139999999978,107.2
759,onw,9643.059999999978,105.57
760,onw,9689.389999999978,107.24
761,onw,9735.309999999978,107.86
762,onw,9750.159999999978,108.19
763,onw,9855.009999999978,110.52
764,onw,9844.20999999998,110.28
765,onw,9895.509999999978,111.42
766,onw,9934.20999999998,112.28
767,onw,9913.95999999998,111.83
768,onw,9972.00999999998,113.12
769,onw,9895.05999999998,111.41
770,onw,9815.40999999998,109.64
771,onw,9772.65999999998,108.69
772,onw,9729.90999999998,107.74
773,onw,9728.34999999998,108.03
774,onw,9637.89999999998,106.02
775,onw,9637.09999999998,103.92
776,onw,9643.49999999998,103.15
777,onw,9751.49999999998,103.11
778,onw,9773.10799999998,103.64
779,onw,9817.09999999998,103.13
780,onw,9784.29999999998,107
781,onw,9790.14999999998,107.13
782,onw,9811.29999999998,107.6
783,onw,9881.04999999998,109.15
784,onw,9888.24999999998,109.31
785,onw,9901.74999999998,109.61
786,onw,9878.34999999998,109.09
787,onw,9786.54999999998,107.05
788,onw,9733.449999999979,105.87
789,onw,9689.349999999979,109.04
790,onw,9658.54999999998,108.34
791,onw,9698.14999999998,109.24
792,onw,9757.98999999998,110.6
793,onw,9827.06999999998,112.17
794,onw,9789.66999999998,111.32
795,onw,9798.46999999998,111.52
796,onw,9695.06999999998,109.17
797,onw,9819.14999999998,111.99
798,onw,9840.709999999981,112.48
799,onw,9842.909999999982,112.53
800,onw,9830.589999999982,112.25
801,onw,9808.149999999981,111.74
802,onw,9860.069999999982,112.92
803,onw,9820.909999999982,112.03
804,onw,9760.189999999982,110.65
805,onw,9628.189999999982,107.65
806,onw,9617.789999999983,108.29
807,onw,9582.589999999982,107.57
808,onw,9653.869999999983,109.19
809,onw,9669.269999999982,109.54
810,onw,9655.189999999982,109.22
811,onw,9582.149999999983,107.56
812,onw,9603.269999999984,108.04
813,onw,9511.309999999983,105.95
814,onw,9417.313999999982,104.95
815,onw,9484.363999999981,106.44
816,onw,9459.613999999981,105.89
817,onw,9490.66399999998,106.58
818,onw,9455.70399999998,104.92
819,onw,9441.26399999998,106.73
820,onw,9528.823999999979,108.72
821,onw,9608.903999999979,110.54
822,onw,9601.423999999979,110.37
823,onw,9578.983999999979,109.86
824,onw,9657.743999999979,111.65
825,onw,9634.423999999979,111.12
826,onw,9698.663999999979,112.58
827,onw,9695.143999999978,112.5
828,onw,9687.223999999978,112.32
829,onw,9705.26399999998,112.73
830,onw,9718.903999999979,113.04
831,onw,9711.863999999978,112.88
832,onw,9774.343999999977,114.3
833,onw,9752.343999999977,113.8
834,onw,9694.703999999978,112.49
835,onw,9750.143999999978,113.75
836,onw,9798.983999999979,114.86
837,onw,9779.623999999978,114.42
838,onw,9777.863999999978,114.38
839,onw,9807.343999999977,115.05
840,onw,9804.703999999978,114.99
841,onw,9777.423999999979,114.37
842,onw,9796.34399999998,114.8
843,onw,9850.02399999998,116.02
844,onw,9871.14399999998,116.5
845,onw,9851.343999999981,116.05
846,onw,9880.82399999998,116.72
847,onw,9861.023999999981,116.27
848,onw,9922.183999999981,117.66
849,onw,9928.783999999981,117.81
850,onw,9949.463999999982,118.28
851,onw,9925.703999999982,117.74
852,onw,9901.50399999998,117.19
853,onw,9905.103999999981,116.94
854,onw,9879.183999999981,118.4
855,onw,9872.693999999981,118.31
856,onw,9808.473999999982,119.14
857,onw,9791.363999999981,118.1
858,onw,9793.58399999998,117.89
859,onw,9777.67399999998,119.06
860,onw,9736.233999999982,118.28
861,onw,9685.543999999982,119.07
862,onw,9669.223999999982,119.42
863,onw,9730.183999999983,119.68
864,onw,9607.303999999982,121.28
865,onw,9567.943999999981,122.34
866,onw,9579.463999999982,122.34
867,onw,9574.66399999998,122.82
868,onw,9471.943999999981,121.58
869,onw,9451.293999999982,121.05
870,onw,9511.843999999983,120.82
871,onw,9582.893999999982,120.58
872,onw,9639.593999999983,119.29
873,onw,9691.043999999983,118.21
874,onw,9654.293999999983,119.36
875,onw,9666.193999999983,119.9
876,onw,9643.443999999983,119.69
877,onw,9591.993999999982,118.77
878,onw,9565.393999999982,119.2
879,onw,9634.693999999983,119.16
880,onw,9606.343999999983,118.5
881,onw,9535.643999999982,117.98
882,onw,9415.323999999982,120.2
883,onw,9382.893999999982,121.2
884,onw,9397.933999999983,122.14
885,onw,9362.213999999984,122.63
886,onw,9324.613999999983,123.94
887,onw,9277.613999999983,122.98
888,onw,9271.973999999984,123.97
889,onw,9257.403999999984,124.14
890,onw,9246.123999999983,125.05
891,onw,9215.573999999984,124.75
892,onw,9200.533999999983,124.44
893,onw,9240.083999999983,124.18
894,onw,9248.483999999982,124.08
895,onw,9207.883999999982,124.64
896,onw,9177.50399999998,124.99
897,onw,9194.16399999998,125.48
898,onw,9179.953999999982,125.64
899,onw,9159.373999999982,125.13
900,onw,9167.703999999982,125.9
901,onw,9110.373999999982,125.98
902,onw,9165.25399999998,125.8
903,onw,9196.123999999982,125.53
904,onw,9180.933999999981,126.71
905,onw,9191.22399999998,127.33
906,onw,9146.14399999998,126.58
907,onw,9099.593999999981,127.69
908,onw,9098.123999999982,127.56
909,onw,9150.553999999982,126.58
910,onw,9146.143999999982,127.44
911,onw,9109.393999999982,128.21
912,onw,9103.513999999983,128.63
913,onw,9160.353999999983,128.19
914,onw,9087.343999999983,129.18
915,onw,9093.223999999982,129.41
916,onw,9097.633999999982,127.96
917,onw,9131.633999999982,128.88
918,onw,9123.133999999982,128.29
919,onw,9169.373999999982,128.76
920,onw,9183.093999999981,129.49
921,onw,9126.74399999998,129.7
922,onw,9114.00399999998,130.14
923,onw,9155.65399999998,128.07
924,onw,9111.90399999998,129.46
925,onw,9117.15399999998,130.4
926,onw,9070.15399999998,130.26
927,onw,9008.20399999998,130.83
928,onw,8968.20399999998,131.44
929,onw,8998.70399999998,132.09
930,onw,8967.70399999998,132.21
931,onw,8978.20399999998,131.6
932,onw,8984.70399999998,131.8
933,onw,8998.70399999998,133.03
934,onw,9011.20399999998,133.02
935,onw,9026.70399999998,133.46
936,onw,9034.20399999998,133.46
937,onw,9004.20399999998,134.37
938,onw,9028.70399999998,133.12
939,onw,9088.20399999998,131.75
940,onw,9114.70399999998,130.88
941,onw,9120.20399999998,131.48
942,onw,9148.20399999998,132.82
943,onw,9109.20399999998,133.57
944,onw,9125.20399999998,130.75
945,onw,9059.70399999998,132.4
946,onw,9038.20399999998,133.37
947,onw,9034.20399999998,132.86
948,onw,9038.70399999998,131.64
949,onw,9030.06399999998,132.32
950,onw,9075.503999999979,131
951,onw,9114.38399999998,129.52
952,onw,9048.94399999998,129.99
953,onw,9176.30399999998,126.59
954,onw,9138.86399999998,128.15
955,onw,9137.58399999998,128
956,onw,9087.023999999981,128.84
957,onw,9043.50399999998,129.35
958,onw,9028.143999999982,129.72
959,onw,9078.063999999982,128.93
960,onw,9025.743999999982,130.4
961,onw,9030.543999999982,131.24
962,onw,8995.023999999981,131.58
963,onw,8988.303999999982,130.87
964,onw,8975.823999999982,132.55
965,onw,9021.423999999983,132.6
966,onw,8965.263999999983,133.41
967,onw,8998.863999999983,133.43
968,onw,8996.943999999983,133
969,onw,8978.223999999984,133.88
970,onw,8918.703999999983,133.42
971,onw,8889.903999999984,133.91
972,onw,8885.103999999983,133
973,onw,8901.843999999983,131.72
974,onw,8912.712599999983,132.08
975,onw,8913.933999999983,130.7
976,onw,8867.433999999983,131.8
977,onw,8854.473999999982,130.59
978,onw,8838.873999999982,130.76
979,onw,8848.74399999998,132.88
980,onw,8840.283999999981,133.79
981,onw,8828.063999999982,133.68
982,onw,8858.143999999982,134.05
983,onw,8866.133999999982,135.05
984,onw,8855.793999999982,135.43
985,onw,8867.543999999982,136.16
986,onw,8860.49399999998,137.07
987,onw,8890.57399999998,135.96
988,onw,8907.023999999981,135.67
989,onw,8935.693999999981,134.08
990,onw,8916.42399999998,134.94
991,onw,8934.75399999998,134.19
992,onw,8925.353999999981,135.17
993,onw,8907.49399999998,135.67
994,onw,8937.103999999981,134.08
995,onw,8911.90399999998,135.15
996,onw,8929.763999999981,133.56
997,onw,8979.263999999981,132.69
998,onw,8939.66399999998,133.24
999,onw,8952.56399999998,134.8
1000,onw,8931.56399999998,134.33
1001,onw,8964.22399999998,131.98
1002,onw,8921.02399999998,132.44
1003,onw,8913.823999999979,131.42
1004,onw,8921.923999999979,132.03
1005,onw,8904.823999999979,133.37
1006,onw,8907.12399999998,134.77
1007,onw,8941.163999999979,134.51
1008,onw,8921.383999999978,131.96
1009,onw,8917.613999999978,130.15
1010,onw,8901.953999999978,130.09
1011,onw,8906.303999999978,129.7
1012,onw,8925.153999999977,128.76
1013,onw,8925.443999999978,128.77
1014,onw,8953.573999999977,128.85
1015,onw,8964.591099999976,127.89
1016,onw,8992.433999999976,128.87
1017,onw,8979.093999999975,128.24
1018,onw,8959.663999999975,127.06
1019,onw,8958.503999999975,127.93
1020,onw,8923.416899999975,126.62
1021,onw,8918.193999999976,128.36
1022,onw,8930.153999999975,129.05
1023,onw,8943.033999999974,127.16
1024,onw,8966.526899999973,128.27
1025,onw,8943.576899999973,126.89
1026,onw,8936.676899999973,128.45
1027,onw,8918.376899999972,130.2
1028,onw,8884.536899999972,131.14
1029,onw,8879.836899999971,132.09
1030,onw,8875.606899999972,133.78
1031,onw,8882.65689999997,133.49
1032,onw,8865.73689999997,135.16
1033,onw,8913.20689999997,133.83
1034,onw,8969.60689999997,132.75
1035,onw,9028.82689999997,131.69
1036,onw,9001.09689999997,132.09
1037,onw,8996.86689999997,132.17
1038,onw,8934.35689999997,131.66
1039,onw,8970.54689999997,131.08
1040,onw,8935.76689999997,131.34
1041,onw,9001.56689999997,133.07
1042,onw,8932.006899999971,133.4
1043,onw,8953.15689999997,134.52
1044,onw,8919.31689999997,133.3
1045,onw,8934.826899999971,133.74
1046,onw,8936.706899999972,132.59
1047,onw,8972.896899999972,130.6
1048,onw,8947.976899999972,128.91
1049,onw,8974.854099999973,130.84
1050,onw,9059.034099999973,127.81
1051,onw,8974.191299999973,125.66
1052,onw,8939.191299999973,124.42
1053,onw,8994.351299999973,121.76
1054,onw,8886.831299999973,116.91
1055,onw,8762.231299999972,114.07
1056,onw,8691.391299999972,115.26
1057,onw,8696.431299999973,113.26
1058,onw,8772.311299999974,118.4
1059,onw,8779.311299999974,119.19
1060,onw,8789.951299999973,119.47
1061,onw,8819.591299999973,120.25
1062,onw,8677.091299999973,116.5
1063,onw,8542.571299999972,112.96
1064,onw,8626.551299999972,115.17
1065,onw,8549.791299999972,113.15
1066,onw,8654.071299999972,116.19
1067,onw,8745.511299999973,118.73
1068,onw,8581.261299999973,115.69
1069,onw,8521.886299999973,119.56
1070,onw,8567.606299999972,120.83
1071,onw,8626.286299999972,122.46
1072,onw,8620.166299999973,122.29
1073,onw,8480.846299999974,118.42
1074,onw,8335.766299999974,114.39
1075,onw,8493.086299999974,118.76
1076,onw,8522.246299999973,119.57
1077,onw,8454.206299999974,117.68
1078,onw,8338.646299999975,114.47
1079,onw,8360.956299999974,117.05
1080,onw,8406.106299999974,118.34
1081,onw,8486.956299999974,120.65
1082,onw,8509.356299999974,121.29
1083,onw,8447.756299999974,119.53
1084,onw,8492.906299999973,120.82
1085,onw,8472.256299999974,120.23
1086,onw,8227.956299999974,113.25
1087,onw,8342.916299999975,112.11
1088,onw,8520.276299999976,114.61
1089,onw,8412.516299999976,118.53
1090,onw,8433.636299999976,117.78
1091,onw,8496.276299999976,117.05
1092,onw,8515.956299999976,114.45
1093,onw,8424.996299999977,112.49
1094,onw,8428.356299999978,108.35
1095,onw,8498.916299999977,112.62
1096,onw,8450.676299999977,114.36
1097,onw,8426.676299999977,117.17
1098,onw,8444.526299999978,117.68
1099,onw,8486.176299999977,118.87
1100,onw,8546.726299999977,120.6
1101,onw,8527.126299999976,120.04
1102,onw,8592.576299999975,121.91
1103,onw,8595.376299999974,121.99
1104,onw,8530.626299999974,120.14
1105,onw,8609.026299999974,122.38
1106,onw,8575.776299999974,121.43
1107,onw,8633.876299999974,123.09
1108,onw,8671.676299999974,124.17
1109,onw,8696.876299999974,124.89
1110,onw,8677.976299999975,124.35
1111,onw,8792.776299999974,127.63
1112,onw,8805.726299999975,128
1113,onw,8776.326299999975,127.16
1114,onw,8596.776299999976,122.03
1115,onw,8659.776299999976,123.83
1116,onw,8710.176299999976,125.27
1117,onw,8708.776299999976,125.23
1118,onw,8714.376299999976,125.39
1119,onw,8767.926299999976,126.92
1120,onw,8696.876299999976,124.89
1121,onw,8693.376299999976,124.79
1122,onw,8729.776299999976,125.83
1123,onw,8742.376299999976,126.19
1124,onw,8706.676299999976,125.17
1125,onw,8694.076299999975,124.81
1126,onw,8660.476299999975,123.85
1127,onw,8727.916299999975,122.5
1128,onw,8742.798699999974,120.2
1129,onw,8787.676299999974,119.4
1130,onw,8792.236299999973,118.07
1131,onw,8821.516299999974,116.38
1132,onw,8735.116299999974,119.54
1133,onw,8747.836299999974,120.05
1134,onw,8668.636299999975,123.49
1135,onw,8648.746299999975,124.85
1136,onw,8647.726299999975,126.12
1137,onw,8654.866299999974,126.84
1138,onw,8656.906299999975,126.21
1139,onw,8661.496299999975,125.84
1140,onw,8664.046299999976,125.9
1141,onw,8672.716299999976,124.51
1142,onw,8670.166299999977,124.95
1143,onw,8664.556299999977,124.86
1144,onw,8796.506299999977,122.56
1145,onw,8849.676299999977,123.03
1146,onw,8860.856299999978,122.23
1147,onw,8830.436299999978,122.06
1148,onw,8795.596299999977,122.18
1149,onw,8784.376299999978,123.93
1150,onw,8777.746299999979,124.63
1151,onw,8741.02629999998,125.67
1152,onw,8746.63629999998,126.17
1153,onw,8745.10629999998,126.51
1154,onw,8759.896299999979,125.24
1155,onw,8769.586299999979,126.02
1156,onw,8760.916299999979,127.76
1157,onw,8755.306299999978,127.2
1158,onw,8754.286299999978,127.01
1159,onw,8754.796299999978,128.2
1160,onw,8756.326299999979,128
1161,onw,8760.406299999979,129.39
1162,onw,8764.996299999979,128.73
1163,onw,8772.136299999978,129.57
1164,onw,8774.686299999978,128.64
1165,onw,8778.256299999977,130.08
1166,onw,8779.786299999978,129.31
1167,onw,8770.096299999977,131.22
1168,onw,8767.036299999978,131.24
1169,onw,8754.286299999978,131.51
1170,onw,8758.366299999978,130.8
1171,onw,8756.836299999977,131.26
1172,onw,8568.376299999976,133.15
1173,onw,8576.176299999976,131.24
1174,onw,8588.656299999977,130.51
1175,onw,8587.096299999977,132.02
1176,onw,8577.736299999977,132.29
1177,onw,8577.736299999977,132.73
1178,onw,8573.576299999977,134
1179,onw,8574.616299999978,133.98
1180,onw,8574.096299999977,134.17
1181,onw,8570.976299999977,134.86
1182,onw,8567.336299999977,135.41
1183,onw,8570.976299999977,134.16
1184,onw,8571.496299999977,135.32
1185,onw,8573.576299999977,135
1186,onw,8577.216299999978,135.63
1187,onw,8570.456299999978,134.57
1188,onw,8562.136299999978,136.52
1189,onw,8561.09629999998,136.73
1190,onw,8564.21629999998,136.26
1191,onw,8570.45629999998,135.96
1192,onw,8576.69629999998,136.93
1193,onw,8586.576299999979,136.02
1194,onw,8589.17629999998,137.2
1195,onw,8587.61629999998,137.76
1196,onw,8559.01629999998,137.31
1197,onw,8555.76629999998,137.64
1198,onw,8562.906299999979,137.1
1199,onw,8653.406299999979,135.35
1200,onw,8638.156299999979,135.06
1201,onw,8588.656299999979,136.52
1202,onw,8616.156299999979,137.3
1203,onw,8573.906299999979,137.55
1204,onw,8563.706299999978,138.32
1205,onw,8553.50629999998,140.1
1206,onw,8550.38629999998,140.12
1207,onw,8541.28629999998,140.36
1208,onw,8521.266299999981,140.21
1209,onw,8538.228699999981,140.05
1210,onw,8526.986299999982,140.52
1211,onw,8590.166299999983,139.18
1212,onw,8520.486299999982,139.32
1213,onw,8521.506299999983,140.65
1214,onw,8526.096299999983,141.74
1215,onw,8532.216299999984,141.1
1216,onw,8537.316299999984,139.64
1217,onw,8541.396299999984,140.92
1218,onw,8519.976299999984,140.64
1219,onw,8523.546299999984,141.64
1220,onw,8514.876299999984,140.22
1221,onw,8510.286299999983,139.38
1222,onw,8460.336299999983,138.03
1223,onw,8461.956299999983,137.95
1224,onw,8420.376299999984,137.29
1225,onw,8432.796299999984,137.13
1226,onw,8386.601999999984,138.47
1227,onw,8392.101999999984,137.84
1228,onw,8391.601999999984,137.84
1229,onw,8394.101999999984,138.46
1230,onw,8397.101999999984,138.63
1231,onw,8392.601999999984,138.33
1232,onw,8400.101999999984,136.54
1233,onw,8362.921999999984,136.91
1234,onw,8366.821999999984,138.65
1235,onw,8374.321999999984,138.89
1236,onw,8373.321999999984,140.58
1237,onw,8377.821999999984,140.11
1238,onw,8372.821999999984,139.79
1239,onw,8366.321999999984,139.92
1240,onw,8364.321999999984,140.34
1241,onw,8376.821999999984,138.52
1242,onw,8364.081999999984,136.51
1243,onw,8434.281999999983,136.28
1244,onw,8499.541999999983,135.1
1245,onw,8471.981999999984,136.68
1246,onw,8516.701999999983,135.17
1247,onw,8565.061999999982,134.31
1248,onw,8575.981999999982,134.02
1249,onw,8619.661999999982,133.94
1250,onw,8584.561999999982,132.86
1251,onw,8490.181999999983,131.37
1252,onw,8499.281999999983,130.16
1253,onw,8512.801999999983,132.31
1254,onw,8567.141999999983,131.25
1255,onw,8535.681999999983,132.63
1256,onw,8534.701999999981,132.48
1257,onw,8539.111999999981,133.16
1258,onw,8546.461999999981,132.56
1259,onw,8559.201999999981,131.71
1260,onw,8564.59199999998,129.41
1261,onw,8556.75199999998,128.39
1262,onw,8551.85199999998,127.85
1263,onw,8583.861999999981,129.97
1264,onw,8572.361999999981,133.47
1265,onw,8580.361999999981,131.71
1266,onw,8574.861999999981,134.17
1267,onw,8577.361999999981,131.79
1268,onw,8581.44199999998,132.53
1269,onw,8588.44199999998,132.34
1270,onw,8590.94199999998,133.38
1271,onw,8595.94199999998,133.58
1272,onw,8591.94199999998,135.08
1273,onw,8583.44199999998,135.71
1274,onw,8587.44199999998,135.64
1275,onw,8587.94199999998,133.13
1276,onw,8572.301999999981,132.05
1277,onw,8580.801999999981,131.7
1278,onw,8565.501999999982,132.42
1279,onw,8540.341999999982,132.29
1280,onw,8617.521999999983,135.2
1281,onw,8616.521999999983,136.48
1282,onw,8624.521999999983,136.48
1283,onw,8620.021999999983,136.9
1284,onw,8630.021999999983,135.47
1285,onw,8635.021999999983,135.38
1286,onw,8641.021999999983,136.01
1287,onw,8641.021999999983,134.21
1288,onw,8645.021999999983,133.38
1289,onw,8639.081999999984,133.86
1290,onw,8648.581999999984,135.44
1291,onw,8645.081999999984,135.97
1292,onw,8648.081999999984,136.04
1293,onw,8648.581999999984,137.65
1294,onw,8655.581999999984,136.95
1295,onw,8662.581999999984,134.47
1296,onw,8657.081999999984,135.19
1297,onw,8664.581999999984,134.21
1298,onw,8665.081999999984,135.89
1299,onw,8653.581999999984,136.89
1300,onw,8650.581999999984,138.52
1301,onw,8661.081999999984,138.49
1302,onw,8649.081999999984,138.7
1303,onw,8654.581999999984,136.55
1304,onw,8712.331999999984,138.56
1305,onw,8711.831999999984,139.72
1306,onw,8699.831999999984,140.18
1307,onw,8699.831999999984,139.85
1308,onw,8692.331999999984,140.29
1309,onw,8643.711999999983,140.04
1310,onw,8639.631999999983,140.6
1311,onw,8630.451999999983,141.29
1312,onw,8662.411999999982,140.64
1313,onw,8689.951999999983,141.15
1314,onw,8717.491999999982,142.23
1315,onw,8712.391999999982,141.98
1316,onw,8715.111999999981,142.54
1317,onw,8726.84199999998,141.4
1318,onw,8742.14199999998,141.47
1319,onw,8746.73199999998,140.31
1320,onw,8743.67199999998,141.89
1321,onw,8746.22199999998,141.18
1322,onw,8746.22199999998,141.52
1323,onw,8748.77199999998,140.9
1324,onw,8750.301999999981,141.29
1325,onw,8751.321999999982,141.04
1326,onw,8750.301999999981,141.09
1327,onw,8743.67199999998,141.76
1328,onw,8750.301999999981,144.01
1329,onw,8740.611999999981,144.19
1330,onw,8741.631999999981,143.6
1331,onw,8730.92199999998,144.39
1332,onw,8733.98199999998,144.37
1333,onw,8729.39199999998,146.88
1334,onw,8720.21199999998,146.94
1335,onw,8731.941999999979,146.49
1336,onw,8735.511999999979,146.79
1337,onw,8741.12199999998,146.03
1338,onw,8735.001999999979,146.64
1339,onw,8742.651999999978,145.15
1340,onw,8746.731999999978,145.96
1341,onw,8758.971999999978,144.07
1342,onw,8757.696999999978,143.89
1343,onw,8761.521999999979,144.09
1344,onw,8751.321999999978,144.52
1345,onw,8753.361999999977,144.92
1346,onw,8752.341999999977,144.89
1347,onw,8752.851999999977,145.64
1348,onw,8744.691999999977,146.91
1349,onw,8745.711999999978,145.6
1350,onw,8742.961999999978,145.53
1351,onw,8775.961999999978,144.18
1352,onw,8756.961999999978,144.28
1353,onw,8760.711999999978,143.46
1354,onw,8814.211999999978,143.23
1355,onw,8817.711999999978,144.76
1356,onw,8808.711999999978,145.64
1357,onw,8819.461999999978,145.82
1358,onw,8828.961999999978,145.55
1359,onw,8862.461999999978,143.15
1360,onw,8888.461999999978,141.86
1361,onw,8894.961999999978,141.93
1362,onw,8882.211999999978,142.02
1363,onw,8883.711999999978,141.3
1364,onw,8877.711999999978,141.85
1365,onw,8863.961999999978,141.65
1366,onw,8928.211999999978,143.68
1367,onw,8935.351999999977,141.35
1368,onw,8914.021999999977,142.28
1369,onw,8924.941999999977,141.66
1370,onw,8917.141999999976,139.7
1371,onw,8863.321999999976,137.62
1372,onw,8866.181999999977,138.59
1373,onw,8903.621999999978,137.54
1374,onw,8882.821999999976,138.21
1375,onw,8894.781999999977,135.98
1376,onw,8927.541999999978,135.9
1377,onw,8875.281999999977,137.9
1378,onw,8875.281999999977,138.91
1379,onw,8866.441999999977,139.31
1380,onw,8863.321999999976,140.13
1381,onw,8872.161999999977,140.65
1382,onw,8869.561999999976,140.91
1383,onw,8875.801999999976,139.76
1384,onw,8875.281999999976,141.99
1385,onw,8882.561999999976,142.14
1386,onw,8863.841999999977,142.8
1387,onw,8873.721999999976,141.44
1388,onw,8872.161999999977,141.37
1389,onw,8879.441999999977,141.37
1390,onw,8870.081999999977,142.53
1391,onw,8872.161999999977,142.21
1392,onw,8865.401999999976,143.06
1393,onw,8869.041999999976,144
1394,onw,8856.561999999976,143.42
1395,onw,8848.326999999977,142.32
1396,onw,8848.596999999978,142.47
1397,onw,8843.466999999979,144
1398,onw,8925.546999999979,145.53
1399,onw,8936.466999999979,144.38
1400,onw,8937.816999999979,142.17
1401,onw,8909.196999999978,142.48
1402,onw,8896.236999999977,142.64
1403,onw,8926.746999999978,141.79
1404,onw,8907.576999999977,140.64
1405,onw,8908.656999999977,139.66
1406,onw,8838.726999999977,145.11
1407,onw,8845.616999999977,145.99
1408,onw,8829.716999999977,145.97
1409,onw,8833.316999999977,145.85
1410,onw,8835.396999999977,145.71
1411,onw,8836.436999999976,145.87
1412,onw,8835.396999999977,146.73
1413,onw,8831.236999999977,147.04
1414,onw,8841.116999999977,146.89
1415,onw,8844.756999999978,146.29
1416,onw,8847.876999999977,146.77
1417,onw,8840.076999999977,147.7
1418,onw,8837.476999999977,147.97
1419,onw,8837.476999999977,148.33
1420,onw,8843.716999999977,149.13
1421,onw,8842.676999999978,149.15
1422,onw,8831.236999999977,149.88
1423,onw,8817.196999999978,150.29
1424,onw,8820.836999999978,149.77
1425,onw,8814.076999999977,150.64
1426,onw,8818.756999999978,149.89
1427,onw,8796.716999999977,150.65
1428,onw,8785.276999999976,150.32
1429,onw,8784.406999999976,150.35
1430,onw,8779.476999999975,150.52
1431,onw,8784.676999999976,151.21
1432,onw,8784.156999999976,151.22
1433,onw,8779.996999999976,151.74
1434,onw,8779.996999999976,151.78
1435,onw,8774.796999999975,152.33
1436,onw,8774.276999999976,151.69
1437,onw,8777.916999999976,152.43
1438,onw,8779.476999999975,152.37
1439,onw,8772.716999999975,153.14
1440,onw,8783.636999999975,150.96
1441,onw,8778.126999999975,151.15
1442,onw,8735.206999999975,152.63
1443,onw,8748.726999999975,149.72
1444,onw,8743.796999999975,149.89
1445,onw,8740.156999999976,151.9
1446,onw,8734.436999999976,151.09
1447,onw,8736.516999999976,151.76
1448,onw,8733.396999999975,153.66
1449,onw,8727.676999999976,154.84
1450,onw,8720.916999999976,154.7
1451,onw,8708.436999999976,155.46
1452,onw,8704.276999999976,155.32
1453,onw,8705.836999999976,155.92
1454,onw,8707.916999999976,155.76
1455,onw,8705.836999999976,156.31
1456,onw,8707.916999999976,155.85
1457,onw,8718.836999999976,154.34
1458,onw,8724.036999999977,155.3
1459,onw,8722.996999999978,155.52
1460,onw,8725.596999999978,154.76
1461,onw,8722.996999999978,154.85
1462,onw,8721.956999999977,156.01
1463,onw,8722.996999999978,155.59
1464,onw,8728.196999999976,155.26
1465,onw,8733.396999999975,156.09
1466,onw,8716.756999999976,156.59
1467,onw,8721.436999999976,156.61
1468,onw,8724.556999999977,156.91
1469,onw,8732.356999999976,155.43
1470,onw,8752.636999999977,153.95
1471,onw,8751.076999999977,155.27
1472,onw,8746.396999999977,156.5
1473,onw,8741.716999999977,157.17
1474,onw,8736.516999999976,158.7
1475,onw,8739.636999999977,158.68
1476,onw,8746.396999999977,158
1477,onw,8750.036999999978,156.29
1478,onw,8750.036999999978,156.29
1479,onw,8774.876999999979,155.37
1480,onw,8798.366999999978,154.5
1481,onw,8763.806999999979,155.78
1482,onw,8732.216999999979,156.95
1483,onw,8759.186999999978,157.83
1484,onw,8818.396999999977,158.34
1485,onw,8889.696999999978,158.33
1486,onw,8884.591299999978,158.67
1487,onw,8888.766999999978,159.27
1488,onw,8836.686999999978,159.33
1489,onw,8880.396999999977,158.68
1490,onw,8871.096999999976,161.14
1491,onw,8890.626999999977,161.49
1492,onw,8830.176999999976,162.13
1493,onw,8873.576999999976,162.42
1494,onw,8859.626999999977,163.27
1495,onw,8763.216999999977,162.99
1496,onw,8770.656999999977,163.2
1497,onw,8758.436999999978,163.67
1498,onw,8724.896999999977,164.96
1499,onw,8615.776999999976,165.78
1500,onw,8615.456999999977,165.95
1501,onw,8542.176999999978,166.78
1502,onw,8583.456999999977,167.08
1503,onw,8647.776999999976,167.34
1504,onw,8658.336999999976,164.16
1505,onw,8650.276999999976,164.47
1506,onw,8583.456999999977,167.04
1507,onw,8596.576999999976,165.42
1508,onw,8598.326999999976,165.35
1509,onw,8597.826999999976,165.37
1510,onw,8636.326999999976,163.83
1511,onw,8621.076999999976,164.44
1512,onw,8654.826999999976,163.09
1513,onw,8702.076999999976,161.2
1514,onw,8635.826999999976,163.85
1515,onw,8599.326999999976,165.31
1516,onw,8649.576999999976,163.3
1517,onw,8626.576999999976,164.22
1518,onw,8690.576999999976,161.66
1519,onw,8631.326999999976,164.03
1520,onw,8627.806999999975,164.29
1521,onw,8590.366999999977,164.53
1522,onw,8585.886999999977,165.6
1523,onw,8350.296599999976,161.86
1524,onw,8408.016599999977,159.64
1525,onw,8465.996599999977,157.41
1526,onw,8438.176599999977,158.48
1527,onw,8402.036599999976,159.87
1528,onw,8370.056599999976,161.1
1529,onw,8382.276599999976,160.63
1530,onw,8365.896599999976,161.26
1531,onw,8369.536599999976,161.12
1532,onw,8347.776599999976,160.48
1533,onw,8296.036599999976,162.47
1534,onw,8259.896599999975,163.86
1535,onw,8321.146599999975,164.98
1536,onw,8331.996599999975,164.97
1537,onw,8440.846599999975,167.11
1538,onw,8414.946599999976,167.39
1539,onw,8434.546599999976,167.97
1540,onw,8458.346599999977,168.26
1541,onw,8468.146599999976,168.16
1542,onw,8435.596599999975,168.31
1543,onw,8462.896599999975,168.52
1544,onw,8559.496599999975,169.41
1545,onw,8596.246599999975,169.8
1546,onw,8612.696599999976,169.79
1547,onw,8561.246599999977,168.22
1548,onw,8561.246599999977,168.22
1549,onw,8572.466599999976,168.68
1550,onw,8555.966599999976,169.1
1551,onw,8549.696599999976,168.94
1552,onw,8523.446599999976,169.99
1553,onw,8487.146599999975,170.28
1554,onw,8479.556599999974,170.57
1555,onw,8407.616599999974,170.37
1556,onw,8437.116599999974,169.19
1557,onw,8417.366599999974,169.98
1558,onw,8474.456599999974,169.58
1559,onw,8575.436599999974,168.46
1560,onw,8539.796599999974,169.41
1561,onw,8536.916599999975,169.53
1562,onw,8587.796599999976,167.41
1563,onw,8620.196599999976,166.06
1564,onw,8630.276599999976,165.64
1565,onw,8644.676599999975,165.04
1566,onw,8642.756599999975,165.12
1567,onw,8648.036599999976,164.9
1568,onw,8608.436599999975,166.55
1569,onw,8602.676599999975,166.79
1570,onw,8631.876599999976,164.36
1571,onw,8636.676599999975,163.26
1572,onw,8629.136599999974,163.55
1573,onw,8604.176599999975,164.51
1574,onw,8630.096599999975,165.23
1575,onw,8602.896599999975,164.43
1576,onw,8565.976599999974,165.85
1577,onw,8556.956599999974,166.51
1578,onw,8579.506599999973,166.45
1579,onw,8535.636599999974,168.64
1580,onw,8543.426599999973,168.64
1581,onw,8581.556599999973,169.34
1582,onw,8567.616599999974,169.13
1583,onw,8601.236599999973,171.16
1584,onw,8561.876599999972,170.46
1585,onw,8572.536599999972,171.01
1586,onw,8630.756599999972,173.52
1587,onw,8615.996599999971,172.33
1588,onw,8637.316599999971,170.49
1589,onw,8669.29659999997,169.9
1590,onw,8691.846599999972,169.64
1591,onw,8689.38659999997,169.32
1592,onw,8681.596599999972,168.84
1593,onw,8696.766599999972,167.48
1594,onw,8680.266599999972,168.14
1595,onw,8675.016599999972,168.35
1596,onw,8664.016599999972,168.79
1597,onw,8690.016599999972,167.75
1598,onw,8698.266599999972,167.42
1599,onw,8698.766599999972,167.4
1600,onw,8738.766599999972,165.8
1601,onw,8701.516599999972,167.29
1602,onw,8661.016599999972,168.91
1603,onw,8714.566599999971,169.21
1604,onw,8657.86659999997,170.51
1605,onw,8701.26659999997,170.72
1606,onw,8823.41659999997,171.37
1607,onw,8818.51659999997,173.86
1608,onw,8827.61659999997,174.45
1609,onw,8866.816599999971,174.91
1610,onw,8877.316599999971,174.81
1611,onw,8907.416599999971,174.92
1612,onw,8911.616599999972,175.51
1613,onw,8942.416599999971,175.89
1614,onw,8933.81359999997,176.63
1615,onw,8957.11659999997,177.38
1616,onw,8859.466599999969,176.15
1617,onw,8818.16659999997,176.02
1618,onw,8829.36659999997,176.69
1619,onw,8812.91659999997,176.14
1620,onw,8791.556599999969,177.03
1621,onw,8780.276599999968,177.5
1622,onw,8843.396599999967,174.87
1623,onw,8789.396599999967,177.12
1624,onw,8793.716599999967,176.94
1625,onw,8814.116599999967,176.09
1626,onw,8755.316599999967,178.54
1627,onw,8763.716599999967,179.56
1628,onw,8747.616599999967,180.35
1629,onw,8722.066599999967,179.33
1630,onw,8676.566599999967,179.39
1631,onw,8611.466599999967,178.97
1632,onw,8587.226599999967,179.98
1633,onw,8551.876599999967,181.13
1634,onw,8573.226599999967,180.72
1635,onw,8595.976599999967,180.87
1636,onw,8602.276599999968,181.32
1637,onw,8550.826599999968,181.09
1638,onw,8494.126599999967,179.94
1639,onw,8513.446599999967,179.1
1640,onw,8506.316599999967,179.41
1641,onw,8477.336599999968,180.67
1642,onw,8458.936599999968,181.47
1643,onw,8569.186599999968,180.98
1644,onw,8546.436599999968,180.82
1645,onw,8445.636599999969,178.64
1646,onw,8448.856599999968,178.5
1647,onw,8438.506599999968,178.95
1648,onw,8428.616599999968,179.38
1649,onw,8439.196599999968,178.92
1650,onw,8387.216599999969,181.18
1651,onw,8365.616599999968,180.69
1652,onw,8374.256599999968,182.45
1653,onw,8380.736599999967,182.54
1654,onw,8432.576599999968,183.34
1655,onw,8435.456599999967,184.1
1656,onw,8401.616599999967,183.87
1657,onw,8338.256599999966,184.07
1658,onw,8457.776599999966,183.98
1659,onw,8483.336599999966,183.23
1660,onw,8523.656599999966,183.49
1661,onw,8476.856599999965,183.09
1662,onw,8459.936599999965,183.45
1663,onw,8464.256599999964,184.11
1664,onw,8522.216599999963,183.95
1665,onw,8542.016599999963,183.67
1666,onw,8551.736599999964,182.29
1667,onw,8503.136599999963,184.1
1668,onw,8526.536599999963,184.28
1669,onw,8544.896599999964,184.1
1670,onw,8504.576599999964,184.7
1671,onw,8519.696599999965,184.49
1672,onw,8567.216599999965,183.37
1673,onw,8606.456599999965,181.6
1674,onw,8591.696599999965,179.06
1675,onw,8612.856599999965,178.14
1676,onw,8625.736599999964,177.58
1677,onw,8596.986599999964,178.83
1678,onw,8638.846599999964,177.01
1679,onw,8616.766599999964,177.97
1680,onw,8686.226599999965,174.95
1681,onw,8690.136599999965,174.78
1682,onw,8671.736599999966,175.58
1683,onw,8608.946599999967,178.31
1684,onw,8663.546599999967,179.7
1685,onw,8683.846599999966,180.16
1686,onw,8719.546599999967,182.25
1687,onw,8730.046599999967,180.84
1688,onw,8810.196599999967,182.84
1689,onw,8825.246599999968,184.18
1690,onw,8819.646599999967,183.76
1691,onw,8801.796599999967,183.27
1692,onw,8830.496599999966,184.45
1693,onw,8863.396599999965,184.28
1694,onw,8867.246599999966,185.06
1695,onw,8862.696599999967,185.11
1696,onw,8859.546599999967,184.58
1697,onw,8854.996599999968,185.79
1698,onw,8915.546599999967,184.65
1699,onw,8864.446599999967,186.79
1700,onw,8870.396599999967,187.74
1701,onw,8905.396599999967,188.21
1702,onw,8854.296599999967,188.96
1703,onw,8876.346599999966,187.97
1704,onw,8915.896599999965,188.44
1705,onw,8970.146599999965,186.32
1706,onw,8974.696599999965,187.84
1707,onw,9044.346599999964,184.85
1708,onw,9011.096599999964,185.59
1709,onw,8929.196599999965,186.71
1710,onw,8899.796599999965,187.68
1711,onw,8837.846599999964,186.25
1712,onw,8804.266599999964,187.71
1713,onw,8730.486599999966,186.84
1714,onw,8741.296599999965,186.37
1715,onw,8725.886599999965,187.04
1716,onw,8684.746599999966,184.75
1717,onw,8676.466599999965,185.11
1718,onw,8640.586599999966,186.67
1719,onw,8613.046599999965,187.62
1720,onw,8636.846599999964,188.49
1721,onw,8614.406599999964,189.17
1722,onw,8663.706599999963,189.66
1723,onw,8659.286599999963,185.95
1724,onw,8698.156599999964,184.26
1725,onw,8667.336599999964,185.6
1726,onw,8633.296599999963,187.08
1727,onw,8636.356599999963,182.14
1728,onw,8618.186599999963,182.93
1729,onw,8609.216599999963,183.32
1730,onw,8559.766599999963,185.47
1731,onw,8560.106599999963,185.88
1732,onw,8515.566599999962,186.44
1733,onw,8518.286599999963,187.23
1734,onw,8502.986599999964,187.82
1735,onw,8474.766599999964,188.37
1736,onw,8553.306599999965,187.22
1737,onw,8557.386599999965,187.05
1738,onw,8545.486599999966,187.48
1739,onw,8519.646599999965,187.44
1740,onw,8484.966599999965,188.22
1741,onw,8502.646599999965,188.31
1742,onw,8597.166599999966,187.14
1743,onw,8581.866599999967,188
1744,onw,8564.866599999967,187.41
1745,onw,8519.646599999967,187.71
1746,onw,8526.446599999967,187.71
1747,onw,8560.786599999967,188.8
1748,onw,8540.046599999967,190.04
1749,onw,8574.386599999967,189.79
1750,onw,8539.366599999967,188.68
1751,onw,8525.086599999966,187.51
1752,onw,8556.706599999967,187.69
1753,onw,8517.266599999966,188.65
1754,onw,8521.686599999966,188.09
1755,onw,8497.706599999967,189.18
1756,onw,8479.346599999966,189.76
1757,onw,8424.266599999966,191.06
1758,onw,8372.926599999966,191.52
1759,onw,8349.466599999967,191.82
1760,onw,8348.786599999967,192.19
1761,onw,8320.566599999967,192.95
1762,onw,8313.766599999968,192.43
1763,onw,8326.346599999968,192.47
1764,onw,8341.646599999967,193.41
1765,onw,8346.066599999967,194.87
1766,onw,8349.806599999967,195.35
1767,onw,8366.806599999967,195.34
1768,onw,8374.286599999967,194.9
1769,onw,8388.226599999967,194.69
1770,onw,8410.326599999968,193.92
1771,onw,8420.866599999968,193.89
1772,onw,8385.846599999968,194.02
1773,onw,8398.426599999968,194.83
1774,onw,8470.166599999968,196.43
1775,onw,8537.826599999968,196.03
1776,onw,8549.046599999969,195.99
1777,onw,8568.426599999968,195.53
1778,onw,8553.466599999969,194.29
1779,onw,8544.966599999969,195.61
1780,onw,8556.866599999968,194.98
1781,onw,8544.966599999969,195.7
1782,onw,8594.606599999968,196.2
1783,onw,8586.786599999969,197.05
1784,onw,8553.806599999969,197.79
1785,onw,8548.366599999968,197.82
1786,onw,8570.806599999969,197.15
1787,onw,8579.306599999969,196.73
1788,onw,8632.68659999997,195.22
1789,onw,8608.886599999969,196.22
1790,onw,8509.946599999968,197.61
1791,onw,8523.206599999969,197.72
1792,onw,8493.626599999969,198.11
1793,onw,8510.626599999969,197.35
1794,onw,8519.806599999969,196.35
1795,onw,8544.966599999969,197.09
1796,onw,8538.16659999997,198.01
1797,onw,8517.42659999997,198.5
1798,onw,8487.84659999997,198.83
1799,onw,8475.26659999997,198.09
1800,onw,8507.90659999997,197.76
1801,onw,8519.806599999969,198.17
1802,onw,8489.206599999969,197.65
1803,onw,8453.846599999968,195.61
1804,onw,8517.89659999997,192.56
1805,onw,8511.386599999969,192.87
1806,onw,8506.556599999969,193.1
1807,onw,8548.346599999968,191.11
1808,onw,8509.916599999968,192.94
1809,onw,8540.996599999968,191.46
1810,onw,8488.286599999969,193.97
1811,onw,8507.426599999968,193.61
1812,onw,8505.116599999968,194.29
1813,onw,8501.48659999997,195.16
1814,onw,8444.726599999969,196.47
1815,onw,8453.306599999969,196.8
1816,onw,8460.56659999997,197.84
1817,onw,8454.626599999969,198.12
1818,onw,8385.32659999997,199.09
1819,onw,8397.53659999997,199.34
1820,onw,8391.92659999997,200.14
1821,onw,8424.92659999997,200.33
1822,onw,8414.36659999997,200.43
1823,onw,8432.51659999997,199.59
1824,onw,8419.31659999997,200.45
1825,onw,8360.57659999997,200.97
1826,onw,8351.66659999997,201.38
1827,onw,8377.40659999997,200.84
1828,onw,8355.956599999969,200.17
1829,onw,8340.206599999969,200.92
1830,onw,8305.866599999968,200.41
1831,onw,8325.466599999969,199.43
1832,onw,8328.66659999997,199.27
1833,onw,8312.06659999997,200.1
1834,onw,8330.866599999968,199.16
1835,onw,8341.866599999968,198.61
1836,onw,8298.666599999968,200.77
1837,onw,8286.866599999968,201.36
1838,onw,8283.666599999968,201.52
1839,onw,8256.016599999968,200.35
1840,onw,8294.416599999968,198.43
1841,onw,8302.216599999969,198.04
1842,onw,8282.216599999969,199.04
1843,onw,8329.016599999968,196.7
1844,onw,8339.016599999968,196.2
1845,onw,8309.216599999967,197.69
1846,onw,8311.666599999966,196.7
1847,onw,8364.586599999966,194.18
1848,onw,8333.086599999966,195.68
1849,onw,8298.226599999965,197.34
1850,onw,8339.626599999965,195.28
1851,onw,8365.546599999965,193.37
1852,onw,8303.386599999965,196.33
1853,onw,8297.786599999965,192.69
1854,onw,8344.616599999965,190.46
1855,onw,8387.456599999965,188.42
1856,onw,8455.916599999964,185.16
1857,onw,8500.016599999964,183.06
1858,onw,8387.456599999965,188.42
1859,onw,8393.546599999965,188.13
1860,onw,8318.996599999964,191.68
1861,onw,8299.276599999965,194.41
1862,onw,8265.956599999965,194.62
1863,onw,8262.896599999965,195.25
1864,onw,8247.936599999966,195.73
1865,onw,8258.136599999967,196.82
1866,onw,8229.916599999968,198.55
1867,onw,8167.016599999967,197.58
1868,onw,8032.036599999968,201.78
1869,onw,8051.076599999968,201.92
1870,onw,8041.896599999967,201.23
1871,onw,7967.096599999967,202.54
1872,onw,7967.096599999967,202.39
1873,onw,7996.336599999967,203.17
1874,onw,8045.976599999966,203.38
1875,onw,8006.536599999967,204.06
1876,onw,8039.516599999966,203.35
1877,onw,8034.076599999967,204.16
1878,onw,7995.656599999967,204.1
1879,onw,8104.796599999966,203.85
1880,onw,8135.056599999966,204.44
1881,onw,8137.436599999966,205.31
1882,onw,8125.196599999966,204.26
1883,onw,8159.536599999966,207.64
1884,onw,8144.916599999966,207.17
1885,onw,8143.216599999965,207.54
1886,onw,8148.316599999966,207.29
1887,onw,8089.836599999966,207.49
1888,onw,8099.016599999966,206.4
1889,onw,8144.2365999999665,205.81
1890,onw,8162.936599999967,207.3
1891,onw,8174.1565999999675,207.54
1892,onw,8145.256599999967,207.87
1893,onw,8138.796599999967,207.52
1894,onw,8209.176599999968,204.37
1895,onw,8246.916599999968,205.91
1896,onw,8207.136599999967,203.88
1897,onw,8231.936599999968,202.64
1898,onw,8245.136599999969,201.98
1899,onw,8313.136599999969,198.58
1900,onw,8315.93659999997,198.44
1901,onw,8189.93659999997,204.74
1902,onw,8171.38659999997,206.43
1903,onw,8162.63659999997,206.75
1904,onw,8095.08659999997,208.17
1905,onw,8093.33659999997,208.02
1906,onw,8162.986599999969,208.31
1907,onw,8155.63659999997,208.22
1908,onw,8168.93659999997,208.21
1909,onw,8165.43659999997,207.99
1910,onw,8081.43659999997,206.38
1911,onw,8161.5865999999705,204.17
1912,onw,8211.986599999971,202.09
1913,onw,8220.736599999971,201.42
1914,onw,8220.03659999997,204.01
1915,onw,8222.13659999997,206.4
1916,onw,8255.38659999997,204.41
1917,onw,8307.88659999997,204.12
1918,onw,8312.086599999971,199.65
1919,onw,8358.63659999997,201.63
1920,onw,8404.836599999971,198.77
1921,onw,8471.336599999971,202.4
1922,onw,8525.586599999971,201.5
1923,onw,8521.736599999971,203.99
1924,onw,8499.336599999971,205.79
1925,onw,8460.836599999971,204.71
1926,onw,8468.88659999997,202.97
1927,onw,8467.486599999971,204.17
1928,onw,8413.936599999972,200.38
1929,onw,8410.136599999973,200.57
1930,onw,8420.536599999972,200.05
1931,onw,8361.536599999972,203
1932,onw,8357.796599999972,203.92
1933,onw,8335.696599999972,204.86
1934,onw,8273.476599999973,206.56
1935,onw,8262.596599999972,204.77
1936,onw,8240.396599999973,205.88
1937,onw,8225.796599999972,206.61
1938,onw,8200.196599999974,207.89
1939,onw,8213.146599999973,209.07
1940,onw,8155.396599999973,209.4
1941,onw,8150.456599999973,209.66
1942,onw,8155.206599999973,209.41
1943,onw,8153.876599999973,209.48
1944,onw,8126.136599999973,210.94
1945,onw,8122.286599999973,211.12
1946,onw,8151.336599999973,211.66
1947,onw,8176.186599999974,211.52
1948,onw,8183.186599999974,211.26
1949,onw,8174.786599999974,210.78
1950,onw,8158.6865999999745,211.47
1951,onw,8179.0165999999745,210.4
1952,onw,8174.836599999974,210.62
1953,onw,8177.876599999974,210.46
1954,onw,8229.556599999974,207.74
1955,onw,8249.126599999974,206.71
1956,onw,8276.106599999974,205.29
1957,onw,8276.676599999973,205.26
1958,onw,8247.986599999973,206.77
1959,onw,8249.126599999972,206.71
1960,onw,8230.506599999973,207.69
1961,onw,8245.676599999973,207.39
1962,onw,8301.916599999973,209.96
1963,onw,8333.736599999973,209.71
1964,onw,8370.366599999974,210.42
1965,onw,8394.416599999973,209.85
1966,onw,8422.536599999974,209.07
1967,onw,8445.476599999974,204.96
1968,onw,8442.076599999975,205.13
1969,onw,8405.076599999975,206.98
1970,onw,8402.856599999976,207.26
1971,onw,8419.456599999976,206.43
1972,onw,8452.216599999976,205.62
1973,onw,8435.816599999976,206.44
1974,onw,8398.016599999977,207.86
1975,onw,8387.576599999977,207.55
1976,onw,8345.096599999977,207.78
1977,onw,8388.296599999978,209.2
1978,onw,8364.896599999978,209.87
1979,onw,8341.136599999978,208.85
1980,onw,8345.096599999977,210.05
1981,onw,8372.096599999977,210.03
1982,onw,8365.976599999976,208.94
1983,onw,8345.816599999976,209.06
1984,onw,8342.216599999976,210.67
1985,onw,8346.176599999975,210.01
1986,onw,8312.696599999976,210.15
1987,onw,8282.496599999977,211.66
1988,onw,8279.256599999977,212.33
1989,onw,8332.896599999976,210.74
1990,onw,8319.596599999977,211.44
1991,onw,8349.236599999977,209.88
1992,onw,8358.356599999976,209.4
1993,onw,8323.586599999975,211.23
1994,onw,8327.386599999974,211.03
1995,onw,8355.316599999975,209.56
1996,onw,8386.476599999974,207.92
1997,onw,8330.236599999975,210.88
1998,onw,8317.126599999974,211.57
1999,onw,8354.366599999974,209.61
2000,onw,8338.026599999974,210.47
2001,onw,8323.396599999973,211.24
2002,onw,8300.596599999973,212.44
2003,onw,8334.896599999973,212.24
2004,onw,8291.846599999973,213.24
2005,onw,8273.646599999973,213.15
2006,onw,8256.146599999973,212.71
2007,onw,8255.446599999972,213.04
2008,onw,8196.996599999971,212.4
2009,onw,8194.896599999971,211.25
2010,onw,8197.34659999997,212.33
2011,onw,8207.49659999997,212.38
2012,onw,8238.296599999969,211.94
2013,onw,8215.196599999968,211.02
2014,onw,8196.57659999997,212
2015,onw,8214.24659999997,211.07
2016,onw,8235.52659999997,209.95
2017,onw,8241.41659999997,209.64
2018,onw,8264.02659999997,208.45
2019,onw,8246.54659999997,209.37
2020,onw,8206.45659999997,211.48
2021,onw,8222.416599999971,210.64
2022,onw,8260.416599999971,208.64
2023,onw,8254.906599999971,208.93
2024,onw,8223.366599999972,210.59
2025,onw,8299.686599999972,211.31
2026,onw,8305.086599999971,211.46
2027,onw,8249.286599999972,211.91
2028,onw,8219.406599999971,212.14
2029,onw,8227.38659999997,211.72
2030,onw,8225.586599999971,211.1
2031,onw,8240.97659999997,210.29
2032,onw,8283.53659999997,208.05
2033,onw,8298.54659999997,207.26
2034,onw,8289.61659999997,207.73
2035,onw,8283.15659999997,208.07
2036,onw,8326.856599999968,205.77
2037,onw,8304.246599999968,206.96
2038,onw,8315.346599999968,206.42
2039,onw,8330.886599999969,207.04
2040,onw,8307.946599999968,207.29
2041,onw,8273.946599999968,208.99
2042,onw,8259.346599999968,209.72
2043,onw,8222.346599999968,210.73
2044,onw,8210.136599999969,211.87
2045,onw,8189.416599999969,212.29
2046,onw,8096.546599999969,212.75
2047,onw,8067.316599999969,212.43
2048,onw,8014.776599999969,210.93
2049,onw,8036.606599999969,211.53
2050,onw,7985.916599999969,210.3
2051,onw,8035.126599999969,208
2052,onw,8040.676599999969,207.79
2053,onw,8008.566599999969,209.48
2054,onw,7974.366599999969,210.16
2055,onw,8026.806599999969,211.42
2056,onw,7995.646599999969,210.46
2057,onw,7994.506599999969,209.7
2058,onw,7989.186599999969,210.45
2059,onw,7978.926599999969,210.29
2060,onw,7994.506599999969,208.16
2061,onw,7973.226599999969,209.28
2062,onw,8028.706599999969,208.97
2063,onw,8047.706599999969,207.11
2064,onw,8046.186599999969,208.73
2065,onw,8050.746599999969,208.43
2066,onw,8062.146599999969,208.71
2067,onw,8035.546599999969,210.26
2068,onw,8072.026599999968,209.09
2069,onw,8154.8665999999685,206.51
2070,onw,8197.426599999968,201.73
2071,onw,8467.986599999967,187.49
2072,onw,8317.126599999967,195.43
2073,onw,8380.776599999966,192.08
2074,onw,8286.916599999966,197.02
2075,onw,8258.796599999967,198.5
2076,onw,8266.206599999967,198.11
2077,onw,8361.016599999966,193.12
2078,onw,8332.516599999966,194.62
2079,onw,8301.356599999966,196.26
2080,onw,8366.146599999965,192.85
2081,onw,8307.436599999965,195.94
2082,onw,8243.216599999965,199.32
2083,onw,8242.076599999966,194.56
2084,onw,8224.856599999966,195.38
2085,onw,8191.886599999966,196.95
2086,onw,8190.746599999966,196.61
2087,onw,8220.006599999966,198.82
2088,onw,8237.866599999967,200.02
2089,onw,8315.006599999966,195.71
2090,onw,8291.826599999966,196.44
2091,onw,8257.246599999966,193.88
2092,onw,8252.416599999966,194.11
2093,onw,8293.576599999966,192.15
2094,onw,8241.286599999967,194.64
2095,onw,8185.786599999967,191.78
2096,onw,8259.496599999966,188.27
2097,onw,8215.396599999965,190.37
2098,onw,8179.486599999966,192.08
2099,onw,8238.766599999966,189.77
2100,onw,8261.566599999966,196.46
2101,onw,8286.646599999965,198.31
2102,onw,8284.746599999966,198.9
2103,onw,8262.326599999966,198.95
2104,onw,8314.766599999966,201.38
2105,onw,8357.706599999967,201.42
2106,onw,8345.926599999966,200.65
2107,onw,8394.186599999966,200.18
2108,onw,8415.846599999966,200.08
2109,onw,8417.366599999967,202.83
2110,onw,8394.566599999967,202.5
2111,onw,8384.686599999966,202.85
2112,onw,8384.306599999967,203.61
2113,onw,8352.006599999966,202.98
2114,onw,8363.026599999966,207.25
2115,onw,8359.986599999967,207.3
2116,onw,8344.026599999966,206.2
2117,onw,8396.086599999966,207
2118,onw,8302.986599999966,208.35
2119,onw,8275.246599999966,209.06
2120,onw,8242.566599999966,208.32
2121,onw,8210.266599999966,209.97
2122,onw,8181.006599999966,211.35
2123,onw,8142.626599999967,210.43
2124,onw,8072.706599999967,209.74
2125,onw,8080.876599999967,209.31
2126,onw,8115.076599999967,207.51
2127,onw,8089.046599999967,208.88
2128,onw,8134.266599999967,206.5
2129,onw,8175.116599999968,204.35
2130,onw,8213.686599999968,202.32
2131,onw,8143.956599999968,205.99
2132,onw,8143.006599999968,206.04
2133,onw,8094.556599999968,208.59
2134,onw,8114.446599999968,209.45
2135,onw,8071.546599999969,209.38
2136,onw,8096.506599999969,207.87
2137,onw,8071.156599999968,209.5
2138,onw,8014.216599999969,209.43
2139,onw,8034.496599999969,209.75
2140,onw,8064.526599999968,209.44
2141,onw,8027.476599999968,210.62
2142,onw,8022.796599999969,208.83
2143,onw,8081.686599999968,205.61
2144,onw,8012.906599999968,209.23
2145,onw,8005.496599999969,206.49
2146,onw,8011.196599999968,206.19
2147,onw,8025.8265999999685,205.42
2148,onw,8065.156599999968,203.35
2149,onw,8089.476599999968,202.07
2150,onw,8039.506599999968,204.7
2151,onw,8007.776599999967,206.37
2152,onw,7969.206599999968,208.4
2153,onw,7985.976599999967,202.77
2154,onw,8011.816599999967,201.41
2155,onw,7986.926599999967,202.72
2156,onw,7949.496599999967,204.69
2157,onw,7929.926599999967,205.72
2158,onw,7917.006599999968,204.86
2159,onw,7918.526599999967,206.51
2160,onw,7878.626599999968,207.11
2161,onw,7879.006599999968,205.13
2162,onw,7967.166599999968,200.49
2163,onw,7949.876599999968,201.4
2164,onw,8008.016599999968,198.34
2165,onw,8065.206599999968,195.33
2166,onw,8067.866599999968,195.19
2167,onw,8109.286599999968,193.01
2168,onw,8093.896599999967,193.82
2169,onw,8081.926599999967,194.45
2170,onw,8175.0265999999665,189.55
2171,onw,8227.846599999966,186.77
2172,onw,8167.2365999999665,189.96
2173,onw,8260.906599999968,185.03
2174,onw,8238.486599999967,186.21
2175,onw,8170.6565999999675,189.78
2176,onw,8167.996599999968,189.92
2177,onw,8188.716599999967,188.42
2178,onw,8208.696599999967,189.58
2179,onw,8197.226599999967,189.96
2180,onw,8199.446599999967,190.02
2181,onw,8233.856599999966,192.53
2182,onw,8247.916599999966,191.96
2183,onw,8247.546599999965,191.41
2184,onw,8341.526599999965,190.71
2185,onw,8317.106599999965,190.99
2186,onw,8460.666599999964,185.77
2187,onw,8388.746599999964,183.36
2188,onw,8399.286599999965,186.41
2189,onw,8572.076599999966,182.34
2190,onw,8554.686599999966,184.96
2191,onw,8476.246599999966,188.77
2192,onw,8456.636599999965,191.16
2193,onw,8450.346599999964,193.2
2194,onw,8522.866599999965,191.17
2195,onw,8455.526599999965,193.87
2196,onw,8501.406599999966,194
2197,onw,8587.246599999966,190.63
2198,onw,8536.186599999966,193.73
2199,onw,8529.156599999966,196.57
2200,onw,8535.076599999966,195.11
2201,onw,8577.626599999965,195.01
2202,onw,8562.826599999966,197.74
2203,onw,8582.066599999966,198.79
2204,onw,8666.056599999965,200.01
2205,onw,8667.906599999966,199.34
2206,onw,8690.476599999965,199.32
2207,onw,8594.646599999965,199.36
2208,onw,8642.746599999966,199.96
2209,onw,8668.276599999966,201.26
2210,onw,8634.236599999966,202.16
2211,onw,8542.106599999966,201.36
2212,onw,8528.786599999967,201.6
2213,onw,8667.166599999966,203.24
2214,onw,8609.076599999966,204.17
2215,onw,8587.246599999966,204.07
2216,onw,8614.256599999966,203.76
2217,onw,8503.626599999965,204.11
2218,onw,8504.736599999966,202
2219,onw,8503.256599999966,203.61
2220,onw,8526.566599999966,202.76
2221,onw,8545.806599999965,206.3
2222,onw,8556.203599999966,205.91
2223,onw,8479.206599999967,204.35
2224,onw,8501.036599999967,206.83
2225,onw,8541.366599999967,204.67
2226,onw,8502.146599999967,204.29
2227,onw,8574.296599999967,205.14
2228,onw,8552.836599999966,205.34
2229,onw,8604.636599999967,205.25
2230,onw,8632.756599999968,204.22
2231,onw,8600.936599999968,207
2232,onw,8553.576599999968,208.07
2233,onw,8525.456599999967,208.01
2234,onw,8569.856599999966,207.14
2235,onw,8619.436599999966,209.74
2236,onw,8612.036599999967,209.95
2237,onw,8639.786599999967,210.12
2238,onw,8576.516599999966,208.55
2239,onw,8582.316599999967,208.26
2240,onw,8566.716599999967,209.04
2241,onw,8578.116599999967,208.47
2242,onw,8578.316599999966,208.46
2243,onw,8613.116599999965,206.72
2244,onw,8609.116599999965,206.92
2245,onw,8617.116599999965,206.52
2246,onw,8587.196599999965,204.99
2247,onw,8575.226599999965,205.56
2248,onw,8606.726599999965,204.06
2249,onw,8575.016599999966,205.57
2250,onw,8558.916599999966,206.72
2251,onw,8597.766599999966,207.91
2252,onw,8603.716599999967,207.29
2253,onw,8571.166599999968,206.21
2254,onw,8635.566599999967,204.96
2255,onw,8588.316599999967,206.46
2256,onw,8575.716599999967,204.44
2257,onw,8583.316599999967,204.06
2258,onw,8566.116599999968,204.92
2259,onw,8554.31659999997,205.51
2260,onw,8541.116599999968,206.17
2261,onw,8491.116599999968,208.67
2262,onw,8526.396599999967,209.44
2263,onw,8479.596599999968,209.53
2264,onw,8461.236599999967,210.56
2265,onw,8468.796599999967,209.12
2266,onw,8461.956599999967,209.8
2267,onw,8550.876599999967,210.25
2268,onw,8573.916599999968,210.7
2269,onw,8559.876599999967,211.525
2270,onw,8624.676599999966,211.84
2271,onw,8635.836599999966,211.51
2272,onw,8669.676599999966,210.46
2273,onw,8714.676599999966,209.36
2274,onw,8721.876599999967,208
2275,onw,8704.596599999966,208.54
2276,onw,8799.996599999966,206.73
2277,onw,8731.236599999966,207.17
2278,onw,8695.236599999966,208.82
2279,onw,8673.276599999966,208.3
2280,onw,8666.276599999966,208.65
2281,onw,8643.076599999966,209.81
2282,onw,8766.676599999966,203.63
2283,onw,8807.476599999965,201.59
2284,onw,8809.676599999966,201.48
2285,onw,8742.476599999965,204.84
2286,onw,8743.836599999966,207.21
2287,onw,8801.976599999965,209.36
2288,onw,8840.736599999966,208.95
2289,onw,8898.536599999965,207.83
2290,onw,8875.416599999964,209.87
2291,onw,8876.436599999965,211.05
2292,onw,8864.196599999965,213.19
2293,onw,8831.216599999965,214.53
2294,onw,8813.536599999965,215.44
2295,onw,8756.076599999966,216.4
2296,onw,8758.456599999965,216.78
2297,onw,8780.216599999965,215.97
2298,onw,8777.836599999966,215.92
2299,onw,8728.536599999967,216.75
2300,onw,8733.976599999967,216.96
2301,onw,8744.976599999967,216.41
2302,onw,8714.376599999967,217
2303,onw,8733.416599999968,216.53
2304,onw,8757.216599999967,217.19
2305,onw,8801.416599999968,216.29
2306,onw,8812.636599999967,216.46
2307,onw,8817.736599999967,217.19
2308,onw,8867.716599999967,216.65
2309,onw,8864.656599999968,215.48
2310,onw,8848.056599999967,216.31
2311,onw,8795.356599999968,217.21
2312,onw,8755.576599999968,218.4
2313,onw,8777.676599999968,218.13
2314,onw,8817.796599999969,218.31
2315,onw,8800.456599999969,218.26
2316,onw,8817.796599999969,218.29
2317,onw,8766.796599999969,218.89
2318,onw,8783.796599999969,218.6
2319,onw,8785.496599999968,218
2320,onw,8778.696599999968,218.34
2321,onw,8751.15659999997,218.31
2322,onw,8735.856599999968,218.26
2323,onw,8753.196599999968,219.25
2324,onw,8711.716599999969,218.8
2325,onw,8679.75659999997,217.4
2326,onw,8669.35659999997,217.92
2327,onw,8639.43659999997,217.44
2328,onw,8623.85659999997,218.26
2329,onw,8589.85659999997,217.61
2330,onw,8594.41659999997,217.37
2331,onw,8575.03659999997,218.39
2332,onw,8612.77659999997,218.7
2333,onw,8660.03659999997,218.84
2334,onw,8638.61659999997,218.62
2335,onw,8607.33659999997,216.97
2336,onw,8694.35659999997,212.39
2337,onw,8647.806599999969,214.84
2338,onw,8677.25659999997,213.29
2339,onw,8683.52659999997,212.96
2340,onw,8673.646599999971,213.48
2341,onw,8661.29659999997,214.13
2342,onw,8655.97659999997,214.41
2343,onw,8659.20659999997,214.24
2344,onw,8606.76659999997,217
2345,onw,8607.75659999997,216.72
2346,onw,8619.636599999969,215.02
2347,onw,8583.33659999997,214.05
2348,onw,8563.20659999997,215.83
2349,onw,8549.67659999997,216.4
2350,onw,8572.11659999997,215.65
2351,onw,8532.51659999997,215.82
2352,onw,8461.23659999997,215.91
2353,onw,8470.73659999997,215.41
2354,onw,8471.49659999997,215.37
2355,onw,8457.62659999997,216.1
2356,onw,8456.58159999997,216.155
2357,onw,8465.986599999971,215.66
2358,onw,8505.316599999971,213.59
2359,onw,8532.486599999971,212.16
2360,onw,8494.676599999972,214.15
2361,onw,8514.816599999971,213.09
2362,onw,8492.96659999997,214.24
2363,onw,8497.146599999971,214.02
2364,onw,8499.996599999971,213.87
2365,onw,8483.336599999971,212.96
2366,onw,8444.576599999971,215
2367,onw,8431.316599999971,214.68
2368,onw,8447.63659999997,213.21
2369,onw,8421.60659999997,214.58
2370,onw,8448.96659999997,213.14
2371,onw,8452.95659999997,212.93
2372,onw,8452.95659999997,212.93
2373,onw,8496.27659999997,210.65
2374,onw,8508.81659999997,209.99
2375,onw,8529.33659999997,208.91
2376,onw,8481.07659999997,211.45
2377,onw,8457.51659999997,212.69
2378,onw,8531.636599999969,212.37
2379,onw,8437.966599999969,217.3
2380,onw,8461.14659999997,216.08
2381,onw,8443.09659999997,217.03
2382,onw,8442.90659999997,217.04
2383,onw,8433.026599999968,217.56
2384,onw,8423.716599999969,218.05
2385,onw,8404.33659999997,219.07
2386,onw,8402.43659999997,219.17
2387,onw,8376.976599999969,220.51
2388,onw,8310.376599999969,219.98
2389,onw,8289.096599999968,221.1
2390,onw,8282.256599999968,221.16
2391,onw,8265.336599999968,220.52
2392,onw,8262.816599999967,221.63
2393,onw,8205.936599999968,220.73
2394,onw,8225.016599999968,219.67
2395,onw,8207.376599999967,220.65
2396,onw,8197.116599999967,221.22
2397,onw,8212.956599999967,221.52
2398,onw,8198.196599999967,224.57
2399,onw,8178.756599999967,225.41
2400,onw,8157.516599999967,226.4
2401,onw,8156.796599999967,227.02
2402,onw,8170.476599999967,227.41
2403,onw,8058.876599999967,226.16
2404,onw,8062.476599999967,226.01
2405,onw,8076.1565999999675,225.25
2406,onw,8059.956599999968,226.15
2407,onw,8088.816599999967,226.25
2408,onw,8067.726599999967,225.6
2409,onw,8070.616599999967,225.43
2410,onw,8099.106599999966,226.02
2411,onw,8089.756599999967,226.57
2412,onw,8120.466599999967,224.48
2413,onw,8163.016599999966,224.73
2414,onw,8134.896599999966,225.04
2415,onw,8188.176599999966,225.62
2416,onw,8228.876599999965,226.27
2417,onw,8215.926599999966,226.53
2418,onw,8237.386599999965,226.91
2419,onw,8257.736599999966,226.48
2420,onw,8255.146599999965,226.36
2421,onw,8316.196599999965,226.5
2422,onw,8284.006599999964,226.73
2423,onw,8366.886599999963,226.31
2424,onw,8361.336599999962,226.535
2425,onw,8308.796599999961,226.84
2426,onw,8321.006599999962,226.7
2427,onw,8326.956599999963,226.35
2428,onw,8326.106599999963,226.4
2429,onw,8271.856599999963,228.7
2430,onw,8240.356599999963,229.4
2431,onw,8229.506599999962,229.42
2432,onw,8253.306599999962,228.17
2433,onw,8311.406599999962,226.98
2434,onw,8288.456599999961,228.255
2435,onw,8346.056599999962,227.2
2436,onw,8326.976599999962,228.82
2437,onw,8375.216599999962,228.87
2438,onw,8383.856599999963,229.38
2439,onw,8411.936599999963,228.61
2440,onw,8420.216599999962,229.56
2441,onw,8361.176599999962,231
2442,onw,8362.976599999962,232.08
2443,onw,8391.056599999962,232.56
2444,onw,8348.576599999962,233.45
2445,onw,8406.176599999962,234.96
2446,onw,8415.536599999963,233.95
2447,onw,8374.136599999963,235.52
2448,onw,8403.656599999964,236.02
2449,onw,8436.056599999964,236.88
2450,onw,8471.336599999962,235.46
2451,onw,8470.976599999962,236.64
2452,onw,8470.25659999996,236.67
2453,onw,8407.976599999962,238.39
2454,onw,8400.056599999962,239.56
2455,onw,8370.896599999962,238.17
2456,onw,8385.296599999961,237.5
2457,onw,8387.67659999996,237.36
2458,onw,8388.01659999996,237.34
2459,onw,8398.896599999962,236.7
2460,onw,8377.306599999962,237.97
2461,onw,8383.256599999962,237.62
2462,onw,8390.736599999962,237.18
2463,onw,8384.276599999963,237.56
2464,onw,8357.926599999962,239.11
2465,onw,8349.876599999963,237.75
2466,onw,8359.326599999964,237.03
2467,onw,8375.426599999964,237.47
2468,onw,8413.926599999964,233.77
2469,onw,8423.726599999964,234
2470,onw,8400.976599999964,234.38
2471,onw,8451.026599999965,231.93
2472,onw,8444.376599999965,233.27
2473,onw,8426.176599999964,234.99
2474,onw,8410.426599999964,235.47
2475,onw,8404.826599999964,235.9
2476,onw,8407.626599999963,235.8
2477,onw,8439.126599999963,235
2478,onw,8405.176599999962,236.26
2479,onw,8426.176599999962,234.94
2480,onw,8463.976599999962,235.15
2481,onw,8419.876599999961,235.36
2482,onw,8465.026599999961,234.9
2483,onw,8501.776599999961,234.74
2484,onw,8542.376599999961,233.64
2485,onw,8542.726599999962,233.11
2486,onw,8538.526599999963,233.72
2487,onw,8532.226599999962,234.52
2488,onw,8517.17659999996,234.15
2489,onw,8528.376599999961,235.25
2490,onw,8480.42659999996,237.18
2491,onw,8472.026599999961,237.91
2492,onw,8460.82659999996,238.51
2493,onw,8468.17659999996,238.77
2494,onw,8465.376599999961,238.9
2495,onw,8460.82659999996,238.68
2496,onw,8428.97659999996,238.84
2497,onw,8424.776599999961,238.29
2498,onw,8341.82659999996,238.83
2499,onw,8335.706599999961,239.19
2500,onw,8341.656599999962,239.75
2501,onw,8311.906599999962,239.96
2502,onw,8321.596599999963,239.39
2503,onw,8322.276599999963,239.35
2504,onw,8326.696599999963,239.09
2505,onw,8342.446599999963,239.47
2506,onw,8339.996599999964,240.64
2507,onw,8406.846599999964,238.1
2508,onw,8421.196599999965,235.73
2509,onw,8407.896599999965,237.33
2510,onw,8416.296599999965,238.9
2511,onw,8433.796599999965,239.95
2512,onw,8396.696599999965,240.32
2513,onw,8412.446599999965,241.2
2514,onw,8446.396599999965,241.54
2515,onw,8437.646599999965,241.34
2516,onw,8440.096599999966,241.84
2517,onw,8435.196599999967,241.97
2518,onw,8475.096599999966,243.42
2519,onw,8496.096599999966,243.97
2520,onw,8537.396599999967,243.34
2521,onw,8526.896599999967,243.6
2522,onw,8501.696599999967,243.77
2523,onw,8445.346599999966,244.09
2524,onw,8440.796599999967,243.13
2525,onw,8427.496599999968,243.98
2526,onw,8482.096599999968,244.86
2527,onw,8401.946599999968,242.68
2528,onw,8406.496599999968,242.77
2529,onw,8385.146599999967,243.59
2530,onw,8373.946599999968,244.25
2531,onw,8364.496599999968,243.42
2532,onw,8398.796599999967,242.96
2533,onw,8416.996599999968,242.91
2534,onw,8369.396599999967,243.9
2535,onw,8389.696599999967,243.04
2536,onw,8396.346599999966,242.5
2537,onw,8376.626599999967,243.66
2538,onw,8400.086599999966,242.28
2539,onw,8389.886599999965,242.88
2540,onw,8394.136599999965,242.63
2541,onw,8406.716599999965,241.89
2542,onw,8418.276599999965,241.21
2543,onw,8405.696599999965,241.95
2544,onw,8402.126599999965,242.16
2545,onw,8382.746599999964,243.3
2546,onw,8376.626599999965,244.02
2547,onw,8412.626599999965,244.43
2548,onw,8426.306599999965,245.47
2549,onw,8446.826599999966,245.06
2550,onw,8453.666599999966,246.02
2551,onw,8444.306599999965,247.28
2552,onw,8483.186599999965,246.44
2553,onw,8501.906599999964,246.79
2554,onw,8482.826599999964,247.68
2555,onw,8467.706599999963,247.75
2556,onw,8522.786599999963,247.96
2557,onw,8524.586599999964,246.65
2558,onw,8537.186599999965,247.37
2559,onw,8535.026599999965,247.46
2560,onw,8537.546599999965,247.47
2561,onw,8530.346599999964,247.31
2562,onw,8518.106599999965,247.52
2563,onw,8498.666599999964,247.49
2564,onw,8519.906599999964,247.51
2565,onw,8555.906599999964,246.47
2566,onw,8594.066599999964,246.29
2567,onw,8599.826599999964,244.02
2568,onw,8573.136599999963,245.59
2569,onw,8524.836599999962,246.98
2570,onw,8526.936599999963,247.11
2571,onw,8583.986599999964,246.24
2572,onw,8621.786599999963,242.9
2573,onw,8626.206599999963,242.64
2574,onw,8610.396599999964,243.57
2575,onw,8597.476599999964,244.33
2576,onw,8590.826599999964,245
2577,onw,8604.126599999963,244.9
2578,onw,8623.726599999964,245.17
2579,onw,8710.526599999963,243.06
2580,onw,8658.726599999964,244.83
2581,onw,8667.476599999964,246.72
2582,onw,8717.526599999965,247.92
2583,onw,8739.926599999964,247.26
2584,onw,8764.076599999964,246.84
2585,onw,8771.776599999965,247.25
2586,onw,8794.351599999965,246.54
2587,onw,8743.076599999964,248.04
2588,onw,8718.226599999964,249.63
2589,onw,8731.176599999964,249.72
2590,onw,8705.276599999965,249.8
2591,onw,8716.826599999964,248.69
2592,onw,8672.026599999965,249.61
2593,onw,8664.326599999964,250
2594,onw,8670.976599999964,250.07
2595,onw,8596.776599999963,249.88
2596,onw,8610.886599999963,249.05
2597,onw,8609.186599999963,249.15
2598,onw,8604.596599999963,249.42
2599,onw,8552.576599999962,249.88
2600,onw,8555.126599999961,249.73
2601,onw,8544.75659999996,250.34
2602,onw,8525.206599999961,251.49
2603,onw,8509.456599999961,252.32
2604,onw,8526.606599999961,252.69
2605,onw,8524.50659999996,253.54
2606,onw,8493.356599999961,254.15
2607,onw,8541.65659999996,254.63
2608,onw,8575.95659999996,254.6
2609,onw,8574.20659999996,254.51
2610,onw,8583.65659999996,254.66
2611,onw,8612.35659999996,255.14
2612,onw,8617.95659999996,255.21
2613,onw,8555.30659999996,255.23
2614,onw,8544.10659999996,255.9
2615,onw,8561.256599999959,254.83
2616,onw,8543.056599999958,256.7
2617,onw,8518.556599999958,257.48
2618,onw,8528.356599999957,256.6
2619,onw,8530.106599999957,256.18
2620,onw,8533.146599999956,255.99
2621,onw,8525.466599999956,256.47
2622,onw,8525.466599999956,256.47
2623,onw,8521.616599999956,257.18
2624,onw,8527.216599999956,258.04
2625,onw,8538.066599999956,257.41
2626,onw,8540.516599999955,257.77
2627,onw,8518.116599999956,258.3
2628,onw,8545.766599999955,258.97
2629,onw,8561.166599999955,258.47
2630,onw,8557.666599999955,257.73
2631,onw,8562.566599999955,257.73
2632,onw,8542.966599999954,257.31
2633,onw,8541.366599999954,257.41
2634,onw,8554.006599999953,256.62
2635,onw,8530.886599999954,257.52
2636,onw,8554.686599999954,258.22
2637,onw,8559.786599999954,258.14
2638,onw,8538.366599999954,259.18
2639,onw,8558.426599999953,260
2640,onw,8561.826599999953,260.32
2641,onw,8592.426599999953,260.41
2642,onw,8585.286599999954,260.76
2643,onw,8557.746599999953,263.02
2644,onw,8530.546599999952,263.76
2645,onw,8513.546599999952,264.76
2646,onw,8520.686599999952,266.31
2647,onw,8496.546599999952,263.19
2648,onw,8482.606599999952,263.3
2649,onw,8447.926599999952,264.07
2650,onw,8435.006599999952,265.16
2651,onw,8426.166599999951,266.31
2652,onw,8404.406599999951,267.21
2653,onw,8420.04659999995,267.06
2654,onw,8450.986599999951,267.09
2655,onw,8461.866599999952,265.45
2656,onw,8469.346599999952,268.1
2657,onw,8469.346599999952,268.48
2658,onw,8480.22659999995,268.27
2659,onw,8488.17659999995,267.74
2660,onw,8490.27659999995,267.6
2661,onw,8498.52659999995,267.05
2662,onw,8493.576599999951,267.38
2663,onw,8521.45659999995,267.89
2664,onw,8551.37659999995,268.53
2665,onw,8584.01659999995,267.84
2666,onw,8597.27659999995,268.96
2667,onw,8591.83659999995,271.2
2668,onw,8593.19659999995,272.51
2669,onw,8602.37659999995,273.31
2670,onw,8578.236599999951,274.4
2671,onw,8601.356599999952,273.68
2672,onw,8608.156599999951,274.75
2673,onw,8629.916599999951,276.42
2674,onw,8649.97659999995,279.35
2675,onw,8655.756599999952,278.03
2676,onw,8633.996599999951,279.48
2677,onw,8648.95659999995,279.8
2678,onw,8646.916599999951,280.17
2679,onw,8647.596599999952,282.74
2680,onw,8710.836599999951,284.02
2681,onw,8721.036599999952,284.16
2682,onw,8705.736599999953,284.25
2683,onw,8683.296599999952,285.93
2684,onw,8694.516599999952,282.6
2685,onw,8678.876599999952,282.73
2686,onw,8669.696599999952,281.07
2687,onw,8684.546599999952,280.08
2688,onw,8783.996599999953,273.45
2689,onw,8986.646599999953,259.94
2690,onw,8858.246599999953,268.5
2691,onw,8865.596599999953,268.01
2692,onw,8973.746599999953,260.8
2693,onw,8928.296599999954,263.83
2694,onw,8926.196599999954,263.97
2695,onw,8921.096599999953,264.31
2696,onw,8812.196599999954,271.57
2697,onw,8823.536599999954,272.32
2698,onw,8818.676599999953,272.03
2699,onw,8817.056599999953,271.9
2700,onw,8806.256599999953,271.1
2701,onw,8813.276599999954,271.79
2702,onw,8824.616599999954,275.93
2703,onw,8820.836599999953,278.11
2704,onw,8812.196599999954,275.68
2705,onw,8809.496599999953,271.41
2706,onw,8899.256599999953,265.8
2707,onw,8868.376599999952,267.73
2708,onw,8779.256599999953,273.3
2709,onw,8782.556599999953,270.42
2710,onw,8732.476599999953,273.55
2711,onw,8728.076599999953,275.7
2712,onw,8730.826599999953,279.2
2713,onw,8736.876599999952,279.84
2714,onw,8734.676599999953,277.81
2715,onw,8742.376599999954,275.88
2716,onw,8740.726599999954,274.5
2717,onw,8737.426599999955,273.35
2718,onw,8773.576599999955,270.94
2719,onw,8774.176599999955,270.9
2720,onw,8819.026599999954,267.91
2721,onw,8875.126599999954,264.17
2722,onw,8905.726599999954,262.13
2723,onw,8845.126599999954,266.17
2724,onw,8926.426599999955,260.75
2725,onw,8920.876599999956,261.12
2726,onw,8899.426599999955,262.55
2727,onw,8954.626599999956,258.87
2728,onw,8986.426599999955,256.75
2729,onw,8854.426599999955,265.55
2730,onw,8860.906599999955,263.42
2731,onw,8859.826599999955,261.37
2732,onw,8813.426599999955,264.27
2733,onw,8816.176599999955,263.47
2734,onw,8811.226599999954,265.26
2735,onw,8804.626599999954,267.41
2736,onw,8802.426599999953,267
2737,onw,8810.126599999954,269.33
2738,onw,8808.476599999954,270.69
2739,onw,8791.426599999955,269.65
2740,onw,8785.926599999955,268.81
2741,onw,8774.376599999954,267.26
2742,onw,8766.856599999954,267.73
2743,onw,8843.976599999954,262.91
2744,onw,8813.896599999955,264.79
2745,onw,8778.536599999956,267
2746,onw,8774.376599999956,267.26
2747,onw,8765.026599999956,263.87
2748,onw,8750.786599999956,264.76
2749,onw,8790.786599999956,262.26
2750,onw,8802.626599999956,261.52
2751,onw,8716.706599999956,266.89
2752,onw,8709.556599999956,266.5
2753,onw,8705.156599999957,267.68
2754,onw,8713.956599999956,270.34
2755,onw,8718.906599999957,272.16
2756,onw,8714.506599999955,273.34
2757,onw,8701.306599999956,271.59
2758,onw,8694.706599999956,271.14
2759,onw,8689.756599999957,271.94
2760,onw,8690.856599999957,271.62
2761,onw,8694.156599999957,273.01
2762,onw,8699.656599999957,273.96
2763,onw,8704.606599999957,271.17
2764,onw,8716.706599999958,272.91
2765,onw,8726.056599999958,272.15
2766,onw,8738.156599999958,270.31
2767,onw,8744.206599999958,270.5
2768,onw,8745.856599999957,272.15
2769,onw,8724.406599999957,272.41
2770,onw,8726.056599999956,274.53
2771,onw,8722.756599999957,275.05
2772,onw,8714.506599999957,275.79
2773,onw,8709.006599999957,277.95
2774,onw,8717.806599999956,276.85
2775,onw,8710.656599999957,278.44
2776,onw,8706.806599999956,279.03
2777,onw,8711.206599999958,279.19
2778,onw,8716.156599999957,279.01
2779,onw,8725.506599999957,276.6
2780,onw,8720.556599999956,275.49
2781,onw,8742.906599999957,274
2782,onw,8708.856599999957,276.27
2783,onw,8677.536599999958,275.96
2784,onw,8682.036599999958,275.66
2785,onw,8715.336599999959,273.44
2786,onw,8742.336599999959,271.64
2787,onw,8733.03659999996,272.26
2788,onw,8777.586599999959,269.29
2789,onw,8735.13659999996,272.12
2790,onw,8774.28659999996,269.51
2791,onw,8723.88659999996,272.87
2792,onw,8742.24659999996,272.17
2793,onw,8744.04659999996,273.14
2794,onw,8768.52659999996,276.55
2795,onw,8741.166599999959,278.41
2796,onw,8725.326599999958,277.15
2797,onw,8709.126599999958,278.28
2798,onw,8695.446599999957,279.17
2799,onw,8691.486599999958,279.64
2800,onw,8663.046599999958,278.47
2801,onw,8638.206599999958,280.56
2802,onw,8605.806599999958,280.31
2803,onw,8651.52659999996,279.77
2804,onw,8646.12659999996,279.45
2805,onw,8611.02659999996,281.79
2806,onw,8632.11659999996,281.33
2807,onw,8611.766599999959,283.2
2808,onw,8599.926599999959,283.71
2809,onw,8595.486599999958,281.51
2810,onw,8605.986599999958,280.81
2811,onw,8594.736599999958,281.56
2812,onw,8627.28659999996,279.39
2813,onw,8580.186599999959,282.53
2814,onw,8560.576599999958,283.64
2815,onw,8571.306599999958,285.39
2816,onw,8567.60659999996,285.39
2817,onw,8577.596599999959,285.53
2818,onw,8569.826599999958,283.45
2819,onw,8532.826599999958,283.47
2820,onw,8512.10659999996,282.92
2821,onw,8472.14659999996,282.38
2822,onw,8445.87659999996,283.4
2823,onw,8454.38659999996,283.83
2824,onw,8479.91659999996,285.57
2825,onw,8494.34659999996,286.25
2826,onw,8517.286599999961,285.88
2827,onw,8491.01659999996,285.97
2828,onw,8512.106599999961,286.44
2829,onw,8544.296599999961,288.86
2830,onw,8567.976599999962,290.3
2831,onw,8545.776599999961,290.16
2832,onw,8536.896599999962,290.94
2833,onw,8529.496599999962,289.84
2834,onw,8493.606599999963,289.84
2835,onw,8516.176599999962,289.41
2836,onw,8519.816599999964,289.15
2837,onw,8550.196599999963,286.98
2838,onw,8525.556599999964,288.74
2839,onw,8544.736599999964,287.37
2840,onw,8521.076599999964,289.06
2841,onw,8503.436599999965,290.32
2842,onw,8469.026599999965,291.06
2843,onw,8461.996599999964,290.82
2844,onw,8469.026599999965,289.58
2845,onw,8449.566599999964,290.97
2846,onw,8426.186599999965,292.64
2847,onw,8376.610299999964,293.09
2848,onw,8406.576599999964,291.34
2849,onw,8403.916599999964,291.53
2850,onw,8412.596599999963,290.91
2851,onw,8419.596599999963,290.41
2852,onw,8425.476599999964,289.99
2853,onw,8395.796599999963,292.11
2854,onw,8443.896599999964,291.56
2855,onw,8450.186599999965,292.74
2856,onw,8448.706599999965,291.18
2857,onw,8469.566599999966,289.69
2858,onw,8506.526599999965,287.05
2859,onw,8501.766599999964,287.39
2860,onw,8509.606599999965,286.83
2861,onw,8646.106599999965,277.08
2862,onw,8650.446599999965,276.77
2863,onw,8667.526599999965,275.55
2864,onw,8652.826599999964,276.6
2865,onw,8599.066599999964,280.44
2866,onw,8613.626599999963,279.4
2867,onw,8645.406599999962,277.13
2868,onw,8647.226599999962,277
2869,onw,8731.926599999962,270.95
2870,onw,8698.606599999963,273.33
2871,onw,8781.906599999962,267.38
2872,onw,8802.346599999963,265.92
2873,onw,8762.026599999963,268.8
2874,onw,8833.846599999963,263.67
2875,onw,8736.126599999963,270.65
2876,onw,8722.826599999962,271.6
2877,onw,8678.726599999962,274.75
2878,onw,8666.846599999963,272.44
2879,onw,8653.646599999962,273.32
2880,onw,8646.986599999962,277.56
2881,onw,8628.856599999961,280.11
2882,onw,8585.56659999996,279.03
2883,onw,8563.73659999996,277.19
2884,onw,8553.00659999996,273.09
2885,onw,8536.95659999996,274.16
2886,onw,8617.65659999996,268.78
2887,onw,8572.506599999959,271.79
2888,onw,8553.60659999996,273.05
2889,onw,8571.736599999958,265.36
2890,onw,8563.736599999958,265.86
2891,onw,8606.616599999958,263.18
2892,onw,8565.016599999959,265.78
2893,onw,8556.05659999996,266.34
2894,onw,8503.89659999996,269.6
2895,onw,8548.66659999996,273.71
2896,onw,8528.31659999996,273.81
2897,onw,8571.97659999996,280.28
2898,onw,8600.46659999996,278.37
2899,onw,8600.836599999959,265.92
2900,onw,8547.73659999996,269.46
2901,onw,8550.61659999996,263.37
2902,onw,8481.976599999958,267.66
2903,onw,8483.056599999958,267.47
2904,onw,8477.296599999958,266.52
2905,onw,8530.696599999957,262.96
2906,onw,8584.096599999957,259.4
2907,onw,8617.096599999957,257.2
2908,onw,8647.546599999958,255.17
2909,onw,8727.196599999957,249.86
2910,onw,8773.996599999957,246.74
2911,onw,8889.496599999957,239.04
2912,onw,8935.546599999956,235.97
2913,onw,8836.546599999956,242.57
2914,onw,8731.396599999956,249.58
2915,onw,8731.696599999956,249.56
2916,onw,8749.186599999955,245.98
2917,onw,8710.936599999955,248.23
2918,onw,8715.336599999955,247.59
2919,onw,8715.336599999955,252.69
2920,onw,8703.236599999955,256.82
2921,onw,8702.686599999954,257.56
2922,onw,8704.336599999953,256.26
2923,onw,8708.186599999954,257.68
2924,onw,8708.736599999953,256.86
2925,onw,8709.286599999954,257.82
2926,onw,8702.136599999954,260.83
2927,onw,8705.986599999955,260.01
2928,onw,8701.036599999954,264.98
2929,onw,8705.986599999955,264.82
2930,onw,8703.236599999955,264.01
2931,onw,8718.086599999955,263.21
2932,onw,8714.786599999956,265.61
2933,onw,8714.786599999956,263.39
2934,onw,8719.186599999957,263.92
2935,onw,8721.386599999956,265.1
2936,onw,8743.386599999956,267.51
2937,onw,8732.936599999955,270.15
2938,onw,8723.036599999956,270.11
2939,onw,8727.986599999957,272.44
2940,onw,8732.936599999957,272.79
2941,onw,8732.936599999957,270.94
2942,onw,8737.336599999957,268.75
2943,onw,8736.236599999957,271.2
2944,onw,8736.236599999957,272.42
2945,onw,8733.486599999957,275.03
2946,onw,8742.286599999956,273.78
2947,onw,8738.436599999955,276.36
2948,onw,8744.486599999955,276.48
2949,onw,8743.386599999954,277.81
2950,onw,8735.136599999954,277.7
2951,onw,8740.086599999955,278.11
2952,onw,8742.286599999954,280.73
2953,onw,8747.786599999954,279.13
2954,onw,8745.586599999953,278.52
2955,onw,8739.536599999954,278.96
2956,onw,8719.736599999955,280.44
2957,onw,8718.636599999954,281.6
2958,onw,8715.886599999954,279.54
2959,onw,8721.736599999955,279.15
2960,onw,8756.536599999954,276.83
2961,onw,8814.886599999954,272.94
2962,onw,8780.086599999955,275.26
2963,onw,8723.086599999955,279.06
2964,onw,8727.946599999956,280.48
2965,onw,8727.946599999956,281.37
2966,onw,8730.646599999956,280.54
2967,onw,8729.566599999956,281.55
2968,onw,8724.706599999956,283.51
2969,onw,8730.646599999956,282.16
2970,onw,8747.926599999957,280.64
2971,onw,8764.666599999957,283.22
2972,onw,8771.686599999957,278.87
2973,onw,8773.306599999958,280.99
2974,onw,8784.106599999957,281.11
2975,onw,8785.726599999956,280.35
2976,onw,8778.706599999956,282.39
2977,onw,8766.826599999957,284.7
2978,onw,8758.186599999957,286.04
2979,onw,8751.706599999958,287.32
2980,onw,8753.866599999958,286.78
2981,onw,8753.326599999957,287.92
2982,onw,8760.346599999957,288.1
2983,onw,8762.506599999957,287.72
2984,onw,8764.126599999958,287.77
2985,onw,8764.126599999958,288.83
2986,onw,8756.566599999958,290
2987,onw,8751.706599999958,290.24
2988,onw,8749.006599999957,290.95
2989,onw,8745.766599999957,291.4
2990,onw,8752.786599999958,290.1
2991,onw,8751.706599999958,289.17
2992,onw,8729.056599999958,290.68
2993,onw,8743.096599999959,292.79
2994,onw,8766.85659999996,292.12
2995,onw,8786.29659999996,292.1
2996,onw,8772.61659999996,293.51
2997,onw,8772.97659999996,293.49
2998,onw,8778.01659999996,294.72
2999,onw,8729.776599999961,291.68
3000,onw,8761.09659999996,292.82
3001,onw,8762.89659999996,289.25
3002,onw,8749.39659999996,290.15
3003,onw,8768.116599999961,287.53
3004,onw,8802.616599999961,285.23
3005,onw,8796.76659999996,285.62
3006,onw,8844.76659999996,282.42
3007,onw,8851.216599999962,281.99
3008,onw,8857.216599999962,281.59
3009,onw,8793.466599999962,285.84
3010,onw,8758.466599999962,285.14
3011,onw,8740.26659999996,284.06
3012,onw,8713.716599999962,285.83
3013,onw,8723.43659999996,285.45
3014,onw,8740.356599999961,283.16
3015,onw,8751.51659999996,283.74
3016,onw,8739.636599999962,283.09
3017,onw,8750.796599999961,278.91
3018,onw,8747.796599999961,279.11
3019,onw,8791.446599999961,276.2
